Year,Round,Driver,Q_DeltaToPole,Q_Session
2022,1,LEC,0.0,Q3
2022,1,VER,0.1230000000000046,Q3
2022,1,SAI,0.1290000000000049,Q3
2022,1,PER,0.3629999999999995,Q3
2022,1,HAM,0.6800000000000068,Q3
2022,1,BOT,1.0020000000000095,Q3
2022,1,MAG,1.25,Q3
2022,1,ALO,1.6370000000000005,Q3
2022,1,RUS,1.6580000000000157,Q3
2022,1,GAS,1.7800000000000011,Q3
2022,1,OCO,1.2240000000000038,Q2
2022,1,MSC,1.440000000000012,Q2
2022,1,NOR,1.450000000000017,Q2
2022,1,ALB,2.1060000000000088,Q2
2022,1,ZHO,2.9850000000000136,Q2
2022,1,TSU,2.1920000000000073,Q1
2022,1,HUL,2.2190000000000083,Q1
2022,1,RIC,2.3870000000000005,Q1
2022,1,STR,2.474000000000004,Q1
2022,1,LAT,3.0760000000000076,Q1
2022,2,PER,0.0,Q3
2022,2,LEC,0.0249999999999914,Q3
2022,2,SAI,0.2019999999999981,Q3
2022,2,VER,0.2609999999999957,Q3
2022,2,OCO,0.867999999999995,Q3
2022,2,RUS,0.9039999999999964,Q3
2022,2,ALO,0.9469999999999884,Q3
2022,2,BOT,0.98299999999999,Q3
2022,2,GAS,1.054000000000002,Q3
2022,2,MAG,1.387999999999991,Q3
2022,2,NOR,1.4509999999999934,Q2
2022,2,RIC,1.5729999999999933,Q2
2022,2,ZHO,1.6189999999999998,Q2
2022,2,MSC,1.7199999999999989,Q2
2022,2,STR,2.8089999999999975,Q2
2022,2,HAM,2.1430000000000007,Q1
2022,2,ALB,2.2920000000000016,Q1
2022,2,HUL,2.3430000000000035,Q1
2022,2,LAT,3.617000000000005,Q1
2022,3,LEC,0.0,Q3
2022,3,VER,0.2860000000000013,Q3
2022,3,PER,0.3719999999999999,Q3
2022,3,NOR,0.835000000000008,Q3
2022,3,HAM,0.9570000000000078,Q3
2022,3,RUS,1.0649999999999975,Q3
2022,3,RIC,1.1640000000000017,Q3
2022,3,OCO,1.193000000000012,Q3
2022,3,SAI,1.5400000000000065,Q3
2022,3,ALO,0.9470000000000028,Q2
2022,3,GAS,1.358000000000004,Q2
2022,3,BOT,1.5420000000000016,Q2
2022,3,TSU,1.5560000000000116,Q2
2022,3,ZHO,2.287000000000006,Q2
2022,3,MSC,2.5970000000000084,Q2
2022,3,ALB,2.26700000000001,Q1
2022,3,MAG,2.38600000000001,Q1
2022,3,VET,3.281000000000006,Q1
2022,3,LAT,3.504000000000005,Q1
2022,4,VER,9.009,Q3
2022,4,LEC,9.787999999999997,Q3
2022,4,NOR,10.141000000000004,Q3
2022,4,MAG,10.174000000000008,Q3
2022,4,ALO,10.212000000000003,Q3
2022,4,RIC,10.75200000000001,Q3
2022,4,PER,10.817999999999998,Q3
2022,4,BOT,11.448999999999998,Q3
2022,4,VET,12.072000000000005,Q3
2022,4,SAI,0.0,Q2
2022,4,RUS,1.76700000000001,Q2
2022,4,MSC,1.926000000000002,Q2
2022,4,HAM,2.1480000000000103,Q2
2022,4,ZHO,2.4440000000000026,Q2
2022,4,STR,9.129000000000003,Q2
2022,4,TSU,1.4840000000000089,Q1
2022,4,GAS,1.7420000000000044,Q1
2022,4,LAT,2.9810000000000088,Q1
2022,4,OCO,3.347999999999999,Q1
2022,5,LEC,0.0,Q3
2022,5,SAI,0.1900000000000119,Q3
2022,5,VER,0.1950000000000074,Q3
2022,5,PER,0.2400000000000091,Q3
2022,5,BOT,0.679000000000002,Q3
2022,5,HAM,0.8290000000000077,Q3
2022,5,GAS,0.8940000000000055,Q3
2022,5,NOR,0.9540000000000076,Q3
2022,5,TSU,1.13600000000001,Q3
2022,5,STR,1.8800000000000097,Q3
2022,5,ALO,1.3640000000000043,Q2
2022,5,RUS,1.3770000000000095,Q2
2022,5,VET,1.4180000000000064,Q2
2022,5,RIC,1.51400000000001,Q2
2022,5,MSC,1.6270000000000095,Q2
2022,5,MAG,2.179000000000002,Q1
2022,5,ZHO,2.224000000000004,Q1
2022,5,ALB,2.469999999999999,Q1
2022,5,LAT,2.5290000000000106,Q1
2022,6,LEC,0.0,Q3
2022,6,VER,0.3230000000000075,Q3
2022,6,SAI,0.4159999999999968,Q3
2022,6,RUS,0.6430000000000007,Q3
2022,6,PER,0.6700000000000017,Q3
2022,6,HAM,0.7620000000000005,Q3
2022,6,BOT,0.8580000000000041,Q3
2022,6,MAG,0.9320000000000022,Q3
2022,6,RIC,1.546999999999997,Q3
2022,6,MSC,1.617999999999995,Q3
2022,6,NOR,1.7210000000000036,Q2
2022,6,OCO,1.8880000000000052,Q2
2022,6,TSU,1.888999999999996,Q2
2022,6,GAS,2.111000000000004,Q2
2022,6,ZHO,2.343999999999994,Q2
2022,6,VET,2.2040000000000077,Q1
2022,6,ALO,2.2930000000000064,Q1
2022,6,STR,2.6680000000000064,Q1
2022,6,ALB,2.894999999999996,Q1
2022,6,LAT,3.164999999999992,Q1
2022,7,LEC,0.0,Q3
2022,7,SAI,0.2249999999999943,Q3
2022,7,PER,0.2530000000000001,Q3
2022,7,VER,0.289999999999992,Q3
2022,7,NOR,0.472999999999999,Q3
2022,7,RUS,0.73599999999999,Q3
2022,7,ALO,0.8709999999999951,Q3
2022,7,HAM,1.1839999999999975,Q3
2022,7,VET,1.3559999999999943,Q3
2022,7,OCO,1.6709999999999925,Q3
2022,7,TSU,1.4209999999999925,Q2
2022,7,BOT,1.5330000000000013,Q2
2022,7,MAG,1.5449999999999875,Q2
2022,7,RIC,1.587999999999994,Q2
2022,7,MSC,1.7049999999999983,Q2
2022,7,ALB,2.234999999999999,Q1
2022,7,GAS,2.283999999999992,Q1
2022,7,STR,2.3019999999999925,Q1
2022,7,LAT,3.027000000000001,Q1
2022,7,ZHO,4.22999999999999,Q1
2022,8,LEC,0.0,Q3
2022,8,PER,0.2819999999999822,Q3
2022,8,VER,0.3469999999999942,Q3
2022,8,SAI,0.4549999999999841,Q3
2022,8,RUS,1.3529999999999944,Q3
2022,8,GAS,1.48599999999999,Q3
2022,8,HAM,1.5649999999999975,Q3
2022,8,TSU,1.6969999999999883,Q3
2022,8,VET,1.731999999999999,Q3
2022,8,ALO,1.813999999999993,Q3
2022,8,NOR,2.0389999999999873,Q2
2022,8,RIC,2.214999999999989,Q2
2022,8,OCO,2.225999999999999,Q2
2022,8,ZHO,2.430999999999983,Q2
2022,8,BOT,3.0849999999999937,Q2
2022,8,MAG,3.283999999999992,Q1
2022,8,ALB,3.359999999999985,Q1
2022,8,LAT,4.007999999999981,Q1
2022,8,STR,4.0120000000000005,Q1
2022,8,MSC,4.415999999999997,Q1
2022,13,RUS,0.0,Q3
2022,13,SAI,0.0439999999999969,Q3
2022,13,LEC,0.1900000000000119,Q3
2022,13,NOR,0.3920000000000101,Q3
2022,13,OCO,0.6410000000000053,Q3
2022,13,ALO,0.7010000000000076,Q3
2022,13,HAM,0.7650000000000006,Q3
2022,13,BOT,0.7800000000000011,Q3
2022,13,RIC,1.0020000000000095,Q3
2022,13,VER,1.4460000000000122,Q3
2022,13,PER,1.1389999999999958,Q2
2022,13,ZHO,1.1960000000000122,Q2
2022,13,MAG,1.4480000000000075,Q2
2022,13,STR,1.7600000000000051,Q2
2022,13,MSC,1.8250000000000028,Q2
2022,13,TSU,1.8629999999999995,Q1
2022,13,ALB,1.8790000000000049,Q1
2022,13,VET,1.8960000000000008,Q1
2022,13,GAS,2.1500000000000057,Q1
2022,13,LAT,2.192999999999998,Q1
2022,18,VER,0.0,Q3
2022,18,LEC,0.0099999999999909,Q3
2022,18,SAI,0.0570000000000021,Q3
2022,18,PER,0.4050000000000011,Q3
2022,18,OCO,0.86099999999999,Q3
2022,18,HAM,0.9569999999999936,Q3
2022,18,ALO,1.018000000000001,Q3
2022,18,RUS,1.0849999999999935,Q3
2022,18,VET,1.25,Q3
2022,18,NOR,1.698999999999998,Q3
2022,18,RIC,1.3549999999999898,Q2
2022,18,BOT,1.4050000000000011,Q2
2022,18,TSU,1.503999999999991,Q2
2022,18,ZHO,1.649000000000001,Q2
2022,18,MSC,2.134999999999991,Q2
2022,18,ALB,2.007000000000005,Q1
2022,18,GAS,2.0180000000000007,Q1
2022,18,MAG,2.048000000000002,Q1
2022,18,STR,2.114999999999995,Q1
2022,18,LAT,2.2069999999999936,Q1
2023,1,VER,0.0,Q3
2023,1,PER,0.1380000000000052,Q3
2023,1,LEC,0.2920000000000016,Q3
2023,1,SAI,0.4459999999999979,Q3
2023,1,ALO,0.6280000000000001,Q3
2023,1,RUS,0.632000000000005,Q3
2023,1,HAM,0.6760000000000019,Q3
2023,1,STR,1.128,Q3
2023,1,OCO,1.2760000000000105,Q3
2023,1,HUL,1.100999999999999,Q2
2023,1,NOR,1.6730000000000018,Q2
2023,1,BOT,1.7349999999999994,Q2
2023,1,ZHO,1.7650000000000006,Q2
2023,1,TSU,2.8019999999999925,Q2
2023,1,ALB,1.753,Q1
2023,1,SAR,1.9440000000000024,Q1
2023,1,MAG,2.1839999999999975,Q1
2023,1,PIA,2.3930000000000007,Q1
2023,1,DEV,2.413000000000011,Q1
2023,1,GAS,2.472999999999999,Q1
2023,6,VER,0.0,Q3
2023,6,ALO,0.0840000000000031,Q3
2023,6,LEC,0.1060000000000087,Q3
2023,6,OCO,0.1880000000000024,Q3
2023,6,SAI,0.2650000000000005,Q3
2023,6,HAM,0.3599999999999994,Q3
2023,6,GAS,0.5679999999999978,Q3
2023,6,RUS,0.5990000000000038,Q3
2023,6,TSU,0.7169999999999987,Q3
2023,6,NOR,0.88900000000001,Q3
2023,6,PIA,1.0300000000000011,Q2
2023,6,DEV,1.0630000000000024,Q2
2023,6,ALB,1.162000000000006,Q2
2023,6,STR,1.2580000000000098,Q2
2023,6,BOT,1.2600000000000051,Q2
2023,6,SAR,1.7480000000000049,Q1
2023,6,MAG,1.9050000000000011,Q1
2023,6,HUL,1.9140000000000017,Q1
2023,6,ZHO,2.1580000000000013,Q1
2023,6,PER,2.484999999999999,Q1
2023,11,HAM,0.0,Q3
2023,11,VER,0.0029999999999859,Q3
2023,11,NOR,0.0849999999999937,Q3
2023,11,PIA,0.2959999999999922,Q3
2023,11,ZHO,0.3619999999999947,Q3
2023,11,LEC,0.3829999999999955,Q3
2023,11,BOT,0.4249999999999829,Q3
2023,11,ALO,0.4259999999999877,Q3
2023,11,PER,0.4359999999999928,Q3
2023,11,HUL,0.5769999999999982,Q3
2023,11,SAI,1.093999999999994,Q2
2023,11,OCO,1.231999999999999,Q2
2023,11,RIC,1.3929999999999865,Q2
2023,11,STR,1.5349999999999966,Q2
2023,11,GAS,1.60799999999999,Q2
2023,11,ALB,2.3079999999999927,Q1
2023,11,TSU,2.309999999999988,Q1
2023,11,RUS,2.417999999999992,Q1
2023,11,MAG,2.596999999999994,Q1
2023,11,SAR,2.638999999999996,Q1
2023,15,SAI,0.0,Q3
2023,15,RUS,0.0719999999999885,Q3
2023,15,LEC,0.0789999999999935,Q3
2023,15,NOR,0.2859999999999871,Q3
2023,15,HAM,0.5009999999999906,Q3
2023,15,MAG,0.590999999999994,Q3
2023,15,ALO,0.630999999999986,Q3
2023,15,OCO,0.688999999999993,Q3
2023,15,HUL,0.8239999999999839,Q3
2023,15,LAW,1.2839999999999918,Q3
2023,15,VER,1.188999999999993,Q2
2023,15,GAS,1.289999999999992,Q2
2023,15,PER,1.3259999999999934,Q2
2023,15,ALB,2.734999999999985,Q2
2023,15,TSU,1.0069999999999908,Q1
2023,15,BOT,1.8249999999999889,Q1
2023,15,PIA,1.917999999999992,Q1
2023,15,SAR,2.2680000000000007,Q1
2023,15,ZHO,2.274000000000001,Q1
2023,15,STR,2.4129999999999825,Q1
2023,20,VER,0.3970000000000055,Q3
2023,20,LEC,0.6910000000000025,Q3
2023,20,STR,1.0139999999999958,Q3
2023,20,ALO,1.0570000000000022,Q3
2023,20,HAM,1.1389999999999958,Q3
2023,20,RUS,1.2600000000000051,Q3
2023,20,NOR,1.6569999999999965,Q3
2023,20,SAI,1.659000000000006,Q3
2023,20,PER,1.9909999999999997,Q3
2023,20,PIA,0.0,Q2
2023,20,HUL,0.2169999999999987,Q2
2023,20,OCO,0.2319999999999993,Q2
2023,20,GAS,0.2370000000000089,Q2
2023,20,MAG,0.3930000000000007,Q2
2023,20,ALB,0.5100000000000051,Q2
2023,20,TSU,0.507000000000005,Q1
2023,20,RIC,0.5130000000000052,Q1
2023,20,BOT,0.625,Q1
2023,20,SAR,0.7049999999999983,Q1
2023,20,ZHO,0.9450000000000074,Q1
2024,2,VER,0.0,Q3
2024,2,LEC,0.3189999999999884,Q3
2024,2,PER,0.3349999999999937,Q3
2024,2,ALO,0.3739999999999952,Q3
2024,2,PIA,0.6169999999999902,Q3
2024,2,NOR,0.6599999999999966,Q3
2024,2,RUS,0.8439999999999941,Q3
2024,2,HAM,0.9879999999999995,Q3
2024,2,TSU,1.0749999999999886,Q3
2024,2,STR,1.0999999999999943,Q3
2024,2,BEA,1.1699999999999875,Q2
2024,2,ALB,1.5079999999999956,Q2
2024,2,MAG,1.5479999999999876,Q2
2024,2,RIC,1.5529999999999973,Q2
2024,2,HUL,1.5829999999999984,Q1
2024,2,BOT,1.7069999999999936,Q1
2024,2,OCO,2.002999999999986,Q1
2024,2,GAS,2.006999999999991,Q1
2024,2,SAR,2.053999999999988,Q1
2024,6,VER,0.0,Q3
2024,6,LEC,0.1410000000000053,Q3
2024,6,SAI,0.2139999999999986,Q3
2024,6,PER,0.2190000000000083,Q3
2024,6,NOR,0.3529999999999944,Q3
2024,6,PIA,0.4339999999999975,Q3
2024,6,RUS,0.8260000000000076,Q3
2024,6,HAM,0.8659999999999997,Q3
2024,6,HUL,0.9050000000000012,Q3
2024,6,TSU,0.9510000000000076,Q3
2024,6,STR,0.9810000000000088,Q2
2024,6,GAS,1.0829999999999984,Q2
2024,6,OCO,1.1299999999999957,Q2
2024,6,ALB,1.171999999999997,Q2
2024,6,ALO,1.1859999999999928,Q2
2024,6,BOT,1.2219999999999942,Q1
2024,6,SAR,1.2459999999999951,Q1
2024,6,RIC,1.3760000000000048,Q1
2024,6,MAG,1.378,Q1
2024,6,ZHO,1.5829999999999984,Q1
2024,11,VER,0.0,Q3
2024,11,NOR,0.4040000000000106,Q3
2024,11,RUS,0.5260000000000105,Q3
2024,11,SAI,0.5370000000000061,Q3
2024,11,HAM,0.5890000000000128,Q3
2024,11,LEC,0.730000000000004,Q3
2024,11,PIA,0.7340000000000089,Q3
2024,11,PER,0.8880000000000052,Q3
2024,11,HUL,1.0710000000000122,Q3
2024,11,OCO,1.5690000000000026,Q3
2024,11,RIC,0.9750000000000084,Q2
2024,11,MAG,1.0330000000000013,Q2
2024,11,GAS,1.0450000000000017,Q2
2024,11,TSU,1.0980000000000132,Q2
2024,11,ALO,1.3250000000000028,Q2
2024,11,ALB,1.4220000000000113,Q1
2024,11,STR,1.5050000000000097,Q1
2024,11,BOT,1.5330000000000013,Q1
2024,11,SAR,1.5420000000000016,Q1
2024,11,ZHO,1.747000000000014,Q1
2024,16,NOR,0.0,Q3
2024,16,PIA,0.1090000000000088,Q3
2024,16,RUS,0.1129999999999995,Q3
2024,16,LEC,0.1340000000000003,Q3
2024,16,SAI,0.1400000000000005,Q3
2024,16,HAM,0.186000000000007,Q3
2024,16,VER,0.6949999999999932,Q3
2024,16,PER,0.7349999999999994,Q3
2024,16,ALB,0.9720000000000084,Q3
2024,16,HUL,1.0120000000000005,Q3
2024,16,ALO,1.093999999999994,Q2
2024,16,RIC,1.152000000000001,Q2
2024,16,MAG,1.371000000000009,Q2
2024,16,GAS,1.4110000000000014,Q2
2024,16,OCO,1.438999999999993,Q2
2024,16,TSU,1.617999999999995,Q1
2024,16,STR,1.686000000000007,Q1
2024,16,COL,1.7340000000000089,Q1
2024,16,BOT,1.774000000000001,Q1
2024,16,ZHO,2.117999999999995,Q1
2024,21,NOR,0.0,Q3
2024,21,RUS,0.1730000000000018,Q3
2024,21,TSU,0.7060000000000031,Q3
2024,21,OCO,1.0699999999999932,Q3
2024,21,LAW,1.0790000000000075,Q3
2024,21,LEC,1.1200000000000043,Q3
2024,21,ALB,1.2519999999999951,Q3
2024,21,PIA,1.281000000000006,Q3
2024,21,ALO,5.5930000000000035,Q3
2024,21,STR,2.929000000000002,Q2
2024,21,BOT,3.0670000000000073,Q2
2024,21,VER,4.366,Q2
2024,21,PER,4.753,Q2
2024,21,SAI,6.001000000000005,Q2
2024,21,GAS,6.209000000000003,Q2
2024,21,HAM,7.7450000000000045,Q1
2024,21,BEA,7.823999999999998,Q1
2024,21,COL,7.864999999999995,Q1
2024,21,HUL,8.218000000000004,Q1
2024,21,ZHO,8.858000000000004,Q1
2022,9,VER,0.0,Q3
2022,9,ALO,0.644999999999996,Q3
2022,9,SAI,0.796999999999997,Q3
2022,9,HAM,1.5919999999999843,Q3
2022,9,MAG,1.6610000000000014,Q3
2022,9,MSC,2.056999999999988,Q3
2022,9,OCO,2.2299999999999898,Q3
2022,9,RUS,2.2579999999999956,Q3
2022,9,RIC,2.4499999999999886,Q3
2022,9,ZHO,2.7309999999999945,Q3
2022,9,BOT,5.48899999999999,Q2
2022,9,ALB,5.5589999999999975,Q2
2022,9,PER,11.828000000000005,Q2
2022,9,NOR,12.766999999999996,Q1
2022,9,LEC,11.709000000000003,Q1
2022,9,GAS,13.192999999999984,Q1
2022,9,VET,13.212999999999994,Q1
2022,9,STR,14.23299999999999,Q1
2022,9,LAT,14.36099999999999,Q1
2022,9,TSU,15.275999999999996,Q1
2022,10,SAI,0.0,Q3
2022,10,VER,0.0720000000000027,Q3
2022,10,LEC,0.3149999999999977,Q3
2022,10,PER,0.6329999999999956,Q3
2022,10,HAM,1.0120000000000005,Q3
2022,10,NOR,1.100999999999999,Q3
2022,10,ALO,1.1329999999999956,Q3
2022,10,RUS,1.1779999999999973,Q3
2022,10,ZHO,1.73599999999999,Q3
2022,10,LAT,22.111999999999995,Q3
2022,10,GAS,2.718999999999994,Q2
2022,10,BOT,3.2489999999999952,Q2
2022,10,TSU,3.328000000000003,Q2
2022,10,RIC,3.3719999999999857,Q2
2022,10,OCO,4.206999999999994,Q2
2022,10,ALB,1.0949999999999989,Q1
2022,10,MAG,1.1759999999999875,Q1
2022,10,VET,1.6829999999999927,Q1
2022,10,MSC,1.7249999999999943,Q1
2022,10,STR,2.4470000000000027,Q1
2022,14,VER,0.0,Q3
2022,14,SAI,0.632000000000005,Q3
2022,14,PER,0.7970000000000113,Q3
2022,14,LEC,0.8880000000000052,Q3
2022,14,OCO,1.5150000000000148,Q3
2022,14,ALO,1.703000000000003,Q3
2022,14,HAM,1.838000000000008,Q3
2022,14,RUS,2.1110000000000184,Q3
2022,14,ALB,2.1720000000000113,Q3
2022,14,NOR,2.5130000000000052,Q3
2022,14,RIC,2.102000000000004,Q2
2022,14,GAS,2.162000000000006,Q2
2022,14,ZHO,2.420000000000016,Q2
2022,14,STR,2.945999999999998,Q2
2022,14,MSC,4.0530000000000115,Q2
2022,14,VET,2.679000000000002,Q1
2022,14,LAT,2.7360000000000184,Q1
2022,14,MAG,2.89200000000001,Q1
2022,14,TSU,3.0270000000000152,Q1
2022,14,BOT,4.201000000000008,Q1
2022,17,LEC,0.0,Q3
2022,17,PER,0.0219999999999913,Q3
2022,17,HAM,0.054000000000002,Q3
2022,17,SAI,0.1709999999999922,Q3
2022,17,ALO,0.554000000000002,Q3
2022,17,NOR,1.171999999999997,Q3
2022,17,GAS,1.7989999999999924,Q3
2022,17,VER,1.983000000000004,Q3
2022,17,MAG,2.161000000000002,Q3
2022,17,TSU,2.570999999999998,Q3
2022,17,RUS,4.599999999999994,Q2
2022,17,STR,4.798999999999992,Q2
2022,17,MSC,4.957999999999998,Q2
2022,17,VET,4.967999999999989,Q2
2022,17,ZHO,6.1059999999999945,Q2
2022,17,BOT,6.670999999999992,Q1
2022,17,RIC,6.813999999999993,Q1
2022,17,OCO,6.924999999999997,Q1
2022,17,ALB,7.572999999999993,Q1
2022,17,LAT,8.11999999999999,Q1
2022,21,MAG,0.7240000000000038,Q3
2022,21,VER,0.9269999999999924,Q3
2022,21,RUS,1.1089999999999949,Q3
2022,21,NOR,1.3130000000000024,Q3
2022,21,SAI,1.4069999999999965,Q3
2022,21,OCO,1.4749999999999943,Q3
2022,21,ALO,1.554000000000002,Q3
2022,21,HAM,1.6610000000000014,Q3
2022,21,PER,4.650999999999996,Q3
2022,21,LEC,0.0,Q2
2022,21,ALB,0.6809999999999974,Q2
2022,21,GAS,0.7249999999999943,Q2
2022,21,VET,0.7279999999999944,Q2
2022,21,RIC,1.1899999999999975,Q2
2022,21,STR,1.2600000000000051,Q2
2022,21,LAT,4.144999999999996,Q1
2022,21,ZHO,4.247,Q1
2022,21,BOT,4.536000000000001,Q1
2022,21,TSU,5.313999999999993,Q1
2022,21,MSC,5.411000000000001,Q1
2023,2,PER,0.0,Q3
2023,2,LEC,0.1550000000000011,Q3
2023,2,ALO,0.4650000000000034,Q3
2023,2,RUS,0.5919999999999987,Q3
2023,2,SAI,0.6659999999999968,Q3
2023,2,STR,0.6799999999999926,Q3
2023,2,OCO,0.8130000000000024,Q3
2023,2,HAM,0.9579999999999984,Q3
2023,2,PIA,0.9779999999999944,Q3
2023,2,GAS,1.0919999999999987,Q3
2023,2,HUL,1.1859999999999928,Q2
2023,2,ZHO,1.195999999999998,Q2
2023,2,MAG,1.3689999999999998,Q2
2023,2,BOT,1.4030000000000058,Q2
2023,2,VER,21.688,Q2
2023,2,TSU,1.6739999999999924,Q1
2023,2,ALB,1.7289999999999992,Q1
2023,2,DEV,1.9789999999999992,Q1
2023,2,NOR,2.182000000000002,Q1
2023,2,SAR,40.24499999999999,Q1
2023,5,PER,0.0270000000000152,Q3
2023,5,ALO,0.3880000000000052,Q3
2023,5,SAI,0.5350000000000108,Q3
2023,5,MAG,0.953000000000003,Q3
2023,5,GAS,0.9720000000000084,Q3
2023,5,RUS,0.9900000000000092,Q3
2023,5,LEC,1.0470000000000113,Q3
2023,5,OCO,1.121000000000009,Q3
2023,5,VER,0.0,Q2
2023,5,BOT,0.75,Q2
2023,5,ALB,0.9810000000000088,Q2
2023,5,HUL,1.0889999999999986,Q2
2023,5,HAM,1.1610000000000014,Q2
2023,5,ZHO,1.2770000000000152,Q2
2023,5,DEV,1.581000000000003,Q2
2023,5,NOR,1.5800000000000125,Q1
2023,5,TSU,1.615000000000009,Q1
2023,5,STR,1.662000000000006,Q1
2023,5,PIA,1.670000000000016,Q1
2023,5,SAR,1.7630000000000052,Q1
2023,8,VER,7.13300000000001,Q3
2023,8,HUL,8.37700000000001,Q3
2023,8,ALO,8.561000000000007,Q3
2023,8,HAM,8.902000000000001,Q3
2023,8,RUS,9.168000000000006,Q3
2023,8,OCO,9.22,Q3
2023,8,NOR,9.320999999999998,Q3
2023,8,SAI,10.569000000000004,Q3
2023,8,PIA,12.62400000000001,Q3
2023,8,ALB,0.0,Q2
2023,8,LEC,1.8900000000000008,Q2
2023,8,PER,2.234000000000009,Q2
2023,8,STR,2.7590000000000146,Q2
2023,8,MAG,2.953000000000003,Q2
2023,8,BOT,3.0960000000000036,Q2
2023,8,TSU,4.021000000000001,Q1
2023,8,GAS,4.161000000000001,Q1
2023,8,DEV,4.412000000000006,Q1
2023,8,SAR,4.612000000000009,Q1
2023,8,ZHO,4.617000000000004,Q1
2023,12,VER,0.0,Q3
2023,12,LEC,0.8199999999999932,Q3
2023,12,PER,0.8769999999999953,Q3
2023,12,HAM,0.9189999999999968,Q3
2023,12,SAI,0.9839999999999948,Q3
2023,12,PIA,1.1970000000000027,Q3
2023,12,NOR,1.5009999999999906,Q3
2023,12,RUS,1.6370000000000005,Q3
2023,12,ALO,1.6749999999999972,Q3
2023,12,STR,2.673000000000002,Q3
2023,12,TSU,6.97999999999999,Q2
2023,12,GAS,7.502999999999986,Q2
2023,12,MAG,7.99199999999999,Q2
2023,12,BOT,8.525999999999996,Q2
2023,12,OCO,10.203999999999994,Q2
2023,12,ALB,14.145999999999988,Q1
2023,12,ZHO,14.663999999999987,Q1
2023,12,SAR,15.36699999999999,Q1
2023,12,RIC,15.991,Q1
2023,12,HUL,16.99799999999999,Q1
2023,16,VER,0.0,Q3
2023,16,PIA,0.5810000000000031,Q3
2023,16,NOR,0.6159999999999997,Q3
2023,16,LEC,0.6650000000000063,Q3
2023,16,PER,0.7730000000000103,Q3
2023,16,SAI,0.972999999999999,Q3
2023,16,HAM,1.031000000000006,Q3
2023,16,RUS,1.3419999999999987,Q3
2023,16,TSU,1.426000000000002,Q3
2023,16,ALO,1.683000000000007,Q3
2023,16,LAW,1.6310000000000002,Q2
2023,16,GAS,1.632000000000005,Q2
2023,16,ALB,1.6600000000000108,Q2
2023,16,OCO,1.7090000000000032,Q2
2023,16,MAG,1.7879999999999967,Q2
2023,16,BOT,2.1720000000000113,Q1
2023,16,STR,2.304000000000002,Q1
2023,16,HUL,2.4220000000000113,Q1
2023,16,ZHO,2.521000000000001,Q1
2023,19,LEC,0.0,Q3
2023,19,SAI,0.0670000000000072,Q3
2023,19,VER,0.0970000000000084,Q3
2023,19,RIC,0.2160000000000081,Q3
2023,19,PER,0.257000000000005,Q3
2023,19,HAM,0.2880000000000109,Q3
2023,19,PIA,0.4570000000000078,Q3
2023,19,RUS,0.5080000000000098,Q3
2023,19,BOT,0.8659999999999997,Q3
2023,19,ZHO,0.8840000000000003,Q3
2023,19,GAS,1.355000000000004,Q2
2023,19,HUL,1.358000000000004,Q2
2023,19,ALO,1.5720000000000027,Q2
2023,19,ALB,1.9809999999999943,Q2
2023,19,TSU,1.7240000000000038,Q1
2023,19,OCO,1.9140000000000017,Q1
2023,19,MAG,1.997,Q1
2023,19,STR,2.061000000000007,Q1
2023,19,NOR,4.388000000000005,Q1
2023,22,VER,0.0,Q3
2023,22,LEC,0.13900000000001,Q3
2023,22,PIA,0.3370000000000033,Q3
2023,22,RUS,0.3430000000000035,Q3
2023,22,NOR,0.3710000000000093,Q3
2023,22,TSU,0.5230000000000103,Q3
2023,22,ALO,0.63900000000001,Q3
2023,22,HUL,0.6630000000000109,Q3
2023,22,PER,0.7259999999999991,Q3
2023,22,GAS,1.1030000000000086,Q3
2023,22,HAM,0.9140000000000156,Q2
2023,22,OCO,0.945999999999998,Q2
2023,22,STR,0.977000000000004,Q2
2023,22,ALB,0.9939999999999998,Q2
2023,22,RIC,0.997000000000014,Q2
2023,22,SAI,1.2930000000000064,Q1
2023,22,MAG,1.3190000000000026,Q1
2023,22,BOT,1.3430000000000035,Q1
2023,22,ZHO,1.7139999999999986,Q1
2024,3,VER,0.0,Q3
2024,3,SAI,0.2700000000000102,Q3
2024,3,PER,0.3590000000000088,Q3
2024,3,NOR,0.4000000000000057,Q3
2024,3,LEC,0.5200000000000102,Q3
2024,3,PIA,0.6570000000000107,Q3
2024,3,RUS,0.8090000000000117,Q3
2024,3,TSU,0.8730000000000047,Q3
2024,3,STR,1.157000000000011,Q3
2024,3,ALO,1.6370000000000005,Q3
2024,3,HAM,1.045000000000016,Q2
2024,3,ALB,1.2520000000000095,Q2
2024,3,BOT,1.4250000000000114,Q2
2024,3,MAG,1.5120000000000005,Q2
2024,3,OCO,1.782000000000011,Q2
2024,3,HUL,2.061000000000007,Q1
2024,3,GAS,2.0670000000000073,Q1
2024,3,RIC,2.170000000000016,Q1
2024,3,ZHO,2.2730000000000103,Q1
2024,5,VER,0.0,Q3
2024,5,PER,0.3220000000000027,Q3
2024,5,ALO,0.4879999999999995,Q3
2024,5,NOR,0.5049999999999955,Q3
2024,5,PIA,0.6129999999999995,Q3
2024,5,LEC,0.6290000000000049,Q3
2024,5,SAI,0.6370000000000005,Q3
2024,5,RUS,0.7729999999999961,Q3
2024,5,HUL,0.9440000000000026,Q3
2024,5,BOT,1.0049999999999957,Q3
2024,5,STR,1.1779999999999973,Q2
2024,5,RIC,1.274000000000001,Q2
2024,5,OCO,1.5630000000000024,Q2
2024,5,ALB,1.581000000000003,Q2
2024,5,GAS,1.8029999999999973,Q2
2024,5,ZHO,1.8449999999999989,Q1
2024,5,MAG,1.8559999999999943,Q1
2024,5,HAM,1.913000000000011,Q1
2024,5,TSU,2.0860000000000127,Q1
2024,5,SAR,2.6980000000000075,Q1
2024,9,RUS,0.0,Q3
2024,9,VER,0.0,Q3
2024,9,NOR,0.0210000000000007,Q3
2024,9,PIA,0.1029999999999944,Q3
2024,9,RIC,0.1779999999999972,Q3
2024,9,ALO,0.2279999999999944,Q3
2024,9,HAM,0.2800000000000011,Q3
2024,9,TSU,0.4140000000000015,Q3
2024,9,STR,0.7009999999999934,Q3
2024,9,ALB,0.7959999999999923,Q3
2024,9,LEC,0.6910000000000025,Q2
2024,9,SAI,0.7279999999999944,Q2
2024,9,SAR,0.7360000000000042,Q2
2024,9,MAG,0.9159999999999968,Q2
2024,9,GAS,0.9399999999999976,Q2
2024,9,PER,1.3259999999999934,Q1
2024,9,BOT,1.3659999999999997,Q1
2024,9,OCO,1.4350000000000025,Q1
2024,9,HUL,1.9779999999999944,Q1
2024,9,ZHO,2.2920000000000016,Q1
2024,13,NOR,0.0,Q3
2024,13,PIA,0.0219999999999913,Q3
2024,13,VER,0.0459999999999922,Q3
2024,13,SAI,0.4689999999999941,Q3
2024,13,HAM,0.6269999999999953,Q3
2024,13,LEC,0.6779999999999973,Q3
2024,13,ALO,0.8160000000000025,Q3
2024,13,STR,1.016999999999996,Q3
2024,13,RIC,1.2199999999999989,Q3
2024,13,TSU,1.25,Q3
2024,13,HUL,1.0900000000000034,Q2
2024,13,BOT,1.1569999999999965,Q2
2024,13,ALB,1.2019999999999982,Q2
2024,13,SAR,1.3160000000000025,Q2
2024,13,MAG,1.320999999999998,Q2
2024,13,PER,2.658999999999992,Q1
2024,13,RUS,2.7409999999999997,Q1
2024,13,ZHO,2.8100000000000023,Q1
2024,13,OCO,2.8220000000000027,Q1
2024,13,GAS,2.938999999999993,Q1
2024,17,LEC,0.0,Q3
2024,17,PIA,0.3209999999999979,Q3
2024,17,SAI,0.4399999999999977,Q3
2024,17,PER,0.4479999999999933,Q3
2024,17,RUS,0.5089999999999861,Q3
2024,17,VER,0.657999999999987,Q3
2024,17,HAM,0.9239999999999924,Q3
2024,17,ALO,1.003999999999991,Q3
2024,17,COL,1.164999999999992,Q3
2024,17,ALB,1.4939999999999998,Q3
2024,17,BEA,1.6029999999999944,Q2
2024,17,TSU,1.6699999999999875,Q2
2024,17,HUL,1.8259999999999936,Q2
2024,17,STR,2.0389999999999873,Q2
2024,17,GAS,1.813999999999993,Q2
2024,17,RIC,2.181999999999988,Q1
2024,17,NOR,2.244,Q1
2024,17,BOT,2.252999999999986,Q1
2024,17,ZHO,2.881,Q1
2024,17,OCO,3.1389999999999816,Q1
2024,19,NOR,0.0,Q3
2024,19,VER,0.0309999999999917,Q3
2024,19,SAI,0.3220000000000027,Q3
2024,19,LEC,0.4100000000000108,Q3
2024,19,PIA,0.6200000000000045,Q3
2024,19,RUS,0.6439999999999912,Q3
2024,19,GAS,0.6880000000000024,Q3
2024,19,ALO,0.9789999999999992,Q3
2024,19,MAG,1.1509999999999962,Q3
2024,19,PER,0.6900000000000119,Q2
2024,19,TSU,1.176000000000002,Q2
2024,19,HUL,1.2139999999999986,Q2
2024,19,OCO,1.26700000000001,Q2
2024,19,STR,1.429000000000002,Q2
2024,19,LAW,1.0090000000000003,Q1
2024,19,ALB,1.7210000000000036,Q1
2024,19,COL,1.731999999999999,Q1
2024,19,BOT,1.8220000000000027,Q1
2024,19,HAM,1.823999999999998,Q1
2024,19,ZHO,1.8980000000000103,Q1
2024,23,VER,0.0,Q3
2024,23,RUS,0.0550000000000068,Q3
2024,23,NOR,0.2519999999999953,Q3
2024,23,PIA,0.3090000000000117,Q3
2024,23,LEC,0.3320000000000078,Q3
2024,23,HAM,0.4909999999999996,Q3
2024,23,SAI,0.5210000000000008,Q3
2024,23,ALO,0.7310000000000088,Q3
2024,23,PER,0.9050000000000012,Q3
2024,23,MAG,0.980000000000004,Q3
2024,23,GAS,0.9170000000000016,Q2
2024,23,ZHO,0.9810000000000088,Q2
2024,23,BOT,1.2109999999999983,Q2
2024,23,TSU,1.2510000000000048,Q2
2024,23,STR,1.3910000000000051,Q2
2024,23,ALB,1.8700000000000043,Q1
2024,23,LAW,1.8910000000000051,Q1
2024,23,HUL,1.9220000000000113,Q1
2024,23,COL,2.073999999999998,Q1
2024,23,OCO,2.1940000000000026,Q1
2022,12,LEC,0.0,Q3
2022,12,VER,0.304000000000002,Q3
2022,12,PER,0.463000000000008,Q3
2022,12,HAM,0.8930000000000007,Q3
2022,12,NOR,1.1599999999999966,Q3
2022,12,RUS,1.2590000000000003,Q3
2022,12,ALO,1.6799999999999926,Q3
2022,12,TSU,1.9080000000000013,Q3
2022,12,SAI,0.2090000000000031,Q2
2022,12,MAG,1.777000000000001,Q2
2022,12,RIC,2.049999999999997,Q2
2022,12,OCO,2.176000000000002,Q2
2022,12,BOT,2.1799999999999926,Q2
2022,12,VET,2.4040000000000106,Q2
2022,12,ALB,2.4350000000000023,Q2
2022,12,GAS,2.566999999999993,Q1
2022,12,STR,2.566999999999993,Q1
2022,12,ZHO,2.8020000000000067,Q1
2022,12,MSC,2.8289999999999935,Q1
2022,12,LAT,2.921999999999997,Q1
2022,15,VER,0.0,Q3
2022,15,LEC,0.0210000000000007,Q3
2022,15,SAI,0.0919999999999987,Q3
2022,15,HAM,0.3059999999999974,Q3
2022,15,PER,0.7349999999999994,Q3
2022,15,RUS,0.8050000000000068,Q3
2022,15,NOR,0.8320000000000078,Q3
2022,15,MSC,1.1000000000000083,Q3
2022,15,TSU,2.213999999999998,Q3
2022,15,STR,1.073999999999998,Q2
2022,15,GAS,1.1700000000000017,Q2
2022,15,OCO,1.2630000000000052,Q2
2022,15,ALO,1.2710000000000008,Q2
2022,15,ZHO,1.362000000000009,Q2
2022,15,ALB,1.4599999999999935,Q2
2022,15,BOT,1.6189999999999998,Q1
2022,15,RIC,1.7390000000000043,Q1
2022,15,MAG,1.977000000000004,Q1
2022,15,VET,2.0490000000000066,Q1
2022,15,LAT,3.0109999999999957,Q1
2022,19,SAI,0.0,Q3
2022,19,LEC,0.0649999999999977,Q3
2022,19,VER,0.0920000000000129,Q3
2022,19,PER,0.2890000000000157,Q3
2022,19,HAM,0.5910000000000082,Q3
2022,19,RUS,0.632000000000005,Q3
2022,19,STR,1.2420000000000044,Q3
2022,19,NOR,1.3340000000000032,Q3
2022,19,ALO,1.5200000000000102,Q3
2022,19,BOT,1.963000000000008,Q3
2022,19,ALB,2.0120000000000005,Q2
2022,19,VET,2.0420000000000016,Q2
2022,19,GAS,2.3840000000000146,Q2
2022,19,ZHO,2.6140000000000043,Q2
2022,19,TSU,2.790999999999997,Q2
2022,19,MAG,2.5930000000000035,Q1
2022,19,RIC,2.6899999999999977,Q1
2022,19,OCO,2.7120000000000033,Q1
2022,19,MSC,2.7549999999999955,Q1
2022,19,LAT,2.8880000000000052,Q1
2022,20,VER,0.0,Q3
2022,20,RUS,0.304000000000002,Q3
2022,20,HAM,0.3089999999999975,Q3
2022,20,PER,0.3529999999999944,Q3
2022,20,SAI,0.5759999999999934,Q3
2022,20,BOT,0.6259999999999906,Q3
2022,20,LEC,0.7800000000000011,Q3
2022,20,NOR,0.945999999999998,Q3
2022,20,ALO,1.1639999999999873,Q3
2022,20,OCO,1.2349999999999994,Q3
2022,20,RIC,1.5499999999999972,Q2
2022,20,ZHO,1.7009999999999934,Q2
2022,20,TSU,1.813999999999993,Q2
2022,20,GAS,1.8969999999999911,Q2
2022,20,MAG,2.0579999999999927,Q2
2022,20,MSC,2.6439999999999912,Q1
2022,20,VET,2.6439999999999912,Q1
2022,20,STR,2.7449999999999903,Q1
2022,20,ALB,3.084000000000003,Q1
2022,20,LAT,3.391999999999996,Q1
2022,22,VER,0.0,Q3
2022,22,PER,0.2279999999999944,Q3
2022,22,LEC,0.2680000000000007,Q3
2022,22,SAI,0.4180000000000063,Q3
2022,22,HAM,0.6839999999999975,Q3
2022,22,RUS,0.6869999999999976,Q3
2022,22,NOR,0.9450000000000074,Q3
2022,22,OCO,1.0060000000000002,Q3
2022,22,VET,1.1370000000000005,Q3
2022,22,RIC,1.2210000000000036,Q3
2022,22,ALO,1.2720000000000056,Q2
2022,22,TSU,1.394999999999996,Q2
2022,22,MSC,1.4009999999999962,Q2
2022,22,STR,1.5350000000000108,Q2
2022,22,ZHO,1.5840000000000032,Q2
2022,22,MAG,2.010000000000005,Q1
2022,22,GAS,2.035000000000011,Q1
2022,22,BOT,2.067999999999998,Q1
2022,22,ALB,2.2039999999999935,Q1
2022,22,LAT,2.230000000000004,Q1
2023,4,LEC,0.0,Q3
2023,4,VER,0.1879999999999881,Q3
2023,4,PER,0.2920000000000016,Q3
2023,4,SAI,0.8129999999999882,Q3
2023,4,HAM,0.9739999999999897,Q3
2023,4,ALO,1.0499999999999972,Q3
2023,4,NOR,1.078000000000003,Q3
2023,4,TSU,1.378,Q3
2023,4,STR,1.407999999999987,Q3
2023,4,PIA,1.407999999999987,Q3
2023,4,RUS,1.4509999999999934,Q2
2023,4,OCO,1.5949999999999989,Q2
2023,4,ALB,1.6149999999999949,Q2
2023,4,BOT,2.0559999999999974,Q2
2023,4,SAR,2.1920000000000073,Q2
2023,4,ZHO,2.438999999999993,Q1
2023,4,HUL,2.5519999999999925,Q1
2023,4,MAG,3.213999999999998,Q1
2023,4,GAS,4.650000000000006,Q1
2023,4,DEV,15.078999999999994,Q1
2023,7,VER,0.0,Q3
2023,7,SAI,0.4619999999999891,Q3
2023,7,NOR,0.519999999999996,Q3
2023,7,GAS,0.5439999999999969,Q3
2023,7,HAM,0.5459999999999923,Q3
2023,7,STR,0.7219999999999942,Q3
2023,7,OCO,0.8109999999999928,Q3
2023,7,HUL,0.9569999999999936,Q3
2023,7,ALO,1.2349999999999994,Q3
2023,7,PIA,1.4099999999999966,Q3
2023,7,PER,1.0619999999999976,Q2
2023,7,RUS,1.1749999999999972,Q2
2023,7,ZHO,1.2489999999999952,Q2
2023,7,DEV,1.8109999999999928,Q2
2023,7,TSU,2.2049999999999983,Q2
2023,7,BOT,1.7049999999999983,Q1
2023,7,MAG,1.769999999999996,Q1
2023,7,ALB,1.7909999999999968,Q1
2023,7,LEC,1.8070000000000024,Q1
2023,7,SAR,2.4269999999999925,Q1
2023,9,VER,0.0,Q3
2023,9,LEC,0.0479999999999876,Q3
2023,9,SAI,0.1899999999999977,Q3
2023,9,NOR,0.2669999999999959,Q3
2023,9,HAM,0.4279999999999972,Q3
2023,9,STR,0.5019999999999953,Q3
2023,9,ALO,0.519999999999996,Q3
2023,9,HUL,0.6989999999999981,Q3
2023,9,GAS,0.7789999999999964,Q3
2023,9,ALB,1.4320000000000022,Q3
2023,9,RUS,1.036999999999992,Q2
2023,9,OCO,1.0619999999999976,Q2
2023,9,PIA,1.2139999999999986,Q2
2023,9,BOT,1.2890000000000017,Q2
2023,9,PER,62.297,Q2
2023,9,TSU,1.393000000000001,Q1
2023,9,ZHO,1.4269999999999925,Q1
2023,9,SAR,1.5570000000000022,Q1
2023,9,MAG,1.5799999999999983,Q1
2023,9,DEV,1.5829999999999984,Q1
2023,13,VER,0.0,Q3
2023,13,NOR,0.5369999999999919,Q3
2023,13,RUS,0.7269999999999897,Q3
2023,13,ALB,0.8519999999999897,Q3
2023,13,ALO,0.938999999999993,Q3
2023,13,SAI,1.1869999999999976,Q3
2023,13,PER,1.3129999999999882,Q3
2023,13,PIA,1.3709999999999951,Q3
2023,13,LEC,2.0979999999999848,Q3
2023,13,SAR,6.180999999999997,Q3
2023,13,STR,9.553999999999988,Q2
2023,13,GAS,9.560999999999993,Q2
2023,13,HAM,9.583999999999987,Q2
2023,13,TSU,9.662999999999997,Q2
2023,13,HUL,9.682999999999993,Q2
2023,13,ZHO,11.5,Q1
2023,13,OCO,11.542999999999992,Q1
2023,13,MAG,11.625,Q1
2023,13,BOT,11.692999999999998,Q1
2023,13,LAW,12.852999999999994,Q1
2023,14,SAI,0.0,Q3
2023,14,VER,0.0130000000000052,Q3
2023,14,LEC,0.0670000000000072,Q3
2023,14,RUS,0.3769999999999953,Q3
2023,14,PER,0.3940000000000054,Q3
2023,14,ALB,0.4660000000000082,Q3
2023,14,PIA,0.4909999999999996,Q3
2023,14,HAM,0.5259999999999962,Q3
2023,14,NOR,0.6850000000000023,Q3
2023,14,ALO,1.1230000000000049,Q3
2023,14,TSU,1.2999999999999972,Q2
2023,14,LAW,1.4639999999999986,Q2
2023,14,HUL,1.481999999999999,Q2
2023,14,BOT,1.6460000000000008,Q2
2023,14,SAR,1.6500000000000057,Q2
2023,14,ZHO,2.0960000000000036,Q1
2023,14,GAS,2.2510000000000048,Q1
2023,14,OCO,2.254000000000005,Q1
2023,14,MAG,2.298000000000002,Q1
2023,14,STR,2.5660000000000025,Q1
2023,17,VER,0.0,Q3
2023,17,RUS,0.4410000000000025,Q3
2023,17,HAM,0.5270000000000152,Q3
2023,17,ALO,0.5910000000000082,Q3
2023,17,LEC,0.646000000000015,Q3
2023,17,PIA,0.7620000000000005,Q3
2023,17,GAS,0.7750000000000057,Q3
2023,17,OCO,0.9850000000000136,Q3
2023,17,BOT,1.2800000000000011,Q3
2023,17,NOR,0.9070000000000108,Q2
2023,17,TSU,1.5230000000000103,Q2
2023,17,SAI,1.5500000000000114,Q2
2023,17,PER,1.6840000000000117,Q2
2023,17,ALB,1.929000000000002,Q2
2023,17,HUL,2.0050000000000097,Q2
2023,17,SAR,2.4320000000000164,Q1
2023,17,STR,2.5670000000000073,Q1
2023,17,LAW,2.8570000000000135,Q1
2023,17,MAG,3.2680000000000007,Q1
2023,17,ZHO,3.6540000000000106,Q1
2023,21,LEC,0.0,Q3
2023,21,SAI,0.0440000000000111,Q3
2023,21,VER,0.3780000000000001,Q3
2023,21,RUS,0.3859999999999957,Q3
2023,21,GAS,0.5130000000000052,Q3
2023,21,ALB,0.5970000000000084,Q3
2023,21,SAR,0.7870000000000061,Q3
2023,21,BOT,0.7990000000000066,Q3
2023,21,MAG,0.811000000000007,Q3
2023,21,ALO,0.8290000000000077,Q3
2023,21,HAM,1.1110000000000042,Q2
2023,21,PER,1.128999999999991,Q2
2023,21,HUL,1.253,Q2
2023,21,STR,1.472999999999999,Q2
2023,21,RIC,1.5819999999999936,Q2
2023,21,NOR,1.977000000000004,Q1
2023,21,OCO,2.108000000000004,Q1
2023,21,ZHO,2.1229999999999905,Q1
2023,21,PIA,2.1239999999999952,Q1
2023,21,TSU,3.721000000000003,Q1
2024,1,VER,0.0,Q3
2024,1,LEC,0.2279999999999944,Q3
2024,1,RUS,0.3059999999999974,Q3
2024,1,SAI,0.3280000000000029,Q3
2024,1,PER,0.3580000000000041,Q3
2024,1,ALO,0.3629999999999995,Q3
2024,1,NOR,0.4350000000000023,Q3
2024,1,PIA,0.5039999999999907,Q3
2024,1,HAM,0.5310000000000059,Q3
2024,1,HUL,1.3229999999999933,Q3
2024,1,TSU,0.9500000000000028,Q2
2024,1,STR,1.0210000000000008,Q2
2024,1,ALB,1.0420000000000016,Q2
2024,1,RIC,1.0989999999999895,Q2
2024,1,MAG,1.3499999999999943,Q2
2024,1,BOT,1.5769999999999982,Q1
2024,1,ZHO,1.578000000000003,Q1
2024,1,SAR,1.590999999999994,Q1
2024,1,OCO,1.6140000000000043,Q1
2024,1,GAS,1.7690000000000057,Q1
2024,7,VER,0.0,Q3
2024,7,PIA,0.073999999999998,Q3
2024,7,NOR,0.0910000000000081,Q3
2024,7,LEC,0.2240000000000037,Q3
2024,7,SAI,0.487000000000009,Q3
2024,7,RUS,0.4879999999999995,Q3
2024,7,TSU,0.7190000000000083,Q3
2024,7,HAM,0.7580000000000098,Q3
2024,7,RIC,0.9280000000000116,Q3
2024,7,HUL,1.2340000000000089,Q3
2024,7,PER,0.960000000000008,Q2
2024,7,OCO,1.1600000000000108,Q2
2024,7,STR,1.246000000000009,Q2
2024,7,ALB,1.4540000000000075,Q2
2024,7,GAS,1.6350000000000051,Q2
2024,7,BOT,1.8800000000000097,Q1
2024,7,ZHO,2.088000000000008,Q1
2024,7,MAG,2.108000000000004,Q1
2024,7,ALO,2.1710000000000065,Q1
2024,8,LEC,0.0,Q3
2024,8,PIA,0.1540000000000105,Q3
2024,8,SAI,0.2480000000000046,Q3
2024,8,NOR,0.2720000000000055,Q3
2024,8,RUS,0.2730000000000103,Q3
2024,8,VER,0.2970000000000112,Q3
2024,8,HAM,0.3509999999999991,Q3
2024,8,TSU,0.5880000000000081,Q3
2024,8,ALB,0.6780000000000115,Q3
2024,8,GAS,1.041000000000011,Q3
2024,8,OCO,1.0150000000000006,Q2
2024,8,RIC,1.2120000000000033,Q2
2024,8,STR,1.2930000000000064,Q2
2024,8,ALO,1.7490000000000094,Q1
2024,8,HUL,1.1700000000000017,Q2
2024,8,SAR,1.75,Q1
2024,8,MAG,1.4549999999999983,Q2
2024,8,PER,1.7900000000000065,Q1
2024,8,BOT,2.2420000000000044,Q1
2024,8,ZHO,2.7580000000000098,Q1
2024,10,NOR,0.0,Q3
2024,10,VER,0.0200000000000102,Q3
2024,10,HAM,0.3179999999999978,Q3
2024,10,RUS,0.3200000000000074,Q3
2024,10,LEC,0.347999999999999,Q3
2024,10,SAI,0.3530000000000086,Q3
2024,10,GAS,0.4740000000000037,Q3
2024,10,PER,0.6780000000000115,Q3
2024,10,OCO,0.7420000000000044,Q3
2024,10,PIA,0.6280000000000001,Q2
2024,10,ALO,0.7450000000000045,Q2
2024,10,BOT,0.8440000000000083,Q2
2024,10,HUL,0.9270000000000068,Q2
2024,10,STR,0.9890000000000044,Q2
2024,10,ZHO,1.355000000000004,Q2
2024,10,MAG,1.554000000000002,Q1
2024,10,TSU,1.602000000000004,Q1
2024,10,RIC,1.6920000000000073,Q1
2024,10,ALB,1.7700000000000102,Q1
2024,10,SAR,2.1260000000000048,Q1
2024,12,RUS,0.0,Q3
2024,12,HAM,0.1709999999999922,Q3
2024,12,NOR,0.2109999999999985,Q3
2024,12,VER,0.3840000000000003,Q3
2024,12,PIA,0.4179999999999921,Q3
2024,12,HUL,0.5189999999999912,Q3
2024,12,SAI,0.6899999999999977,Q3
2024,12,STR,0.7660000000000053,Q3
2024,12,ALB,0.820999999999998,Q3
2024,12,ALO,1.097999999999999,Q3
2024,12,LEC,1.2780000000000058,Q2
2024,12,SAR,1.3559999999999943,Q2
2024,12,TSU,1.4500000000000028,Q2
2024,12,ZHO,2.048000000000002,Q2
2024,12,RIC,2.1299999999999955,Q2
2024,12,BOT,6.611999999999995,Q1
2024,12,MAG,7.0859999999999985,Q1
2024,12,OCO,8.738,Q1
2024,12,PER,12.528999999999996,Q1
2024,12,GAS,13.985,Q1
2024,15,NOR,0.0,Q3
2024,15,VER,0.3559999999999945,Q3
2024,15,PIA,0.4989999999999952,Q3
2024,15,RUS,0.570999999999998,Q3
2024,15,PER,0.742999999999995,Q3
2024,15,LEC,0.9089999999999918,Q3
2024,15,ALO,0.9599999999999936,Q3
2024,15,STR,1.1839999999999975,Q3
2024,15,GAS,1.304000000000002,Q3
2024,15,SAI,1.2409999999999997,Q2
2024,15,ALB,0.980000000000004,Q3
2024,15,HAM,1.2750000000000057,Q2
2024,15,TSU,1.2819999999999965,Q2
2024,15,HUL,1.5420000000000016,Q2
2024,15,MAG,1.622,Q2
2024,15,RIC,2.269999999999996,Q1
2024,15,OCO,2.3220000000000027,Q1
2024,15,BOT,2.4950000000000045,Q1
2024,15,ZHO,3.587999999999994,Q1
2024,18,NOR,0.0,Q3
2024,18,VER,0.2030000000000029,Q3
2024,18,HAM,0.3160000000000025,Q3
2024,18,RUS,0.3419999999999987,Q3
2024,18,PIA,0.4279999999999972,Q3
2024,18,HUL,0.5899999999999892,Q3
2024,18,ALO,0.688999999999993,Q3
2024,18,TSU,0.8289999999999935,Q3
2024,18,LEC,0.2219999999999942,Q2
2024,18,SAI,0.5829999999999984,Q2
2024,18,ALB,0.948999999999998,Q2
2024,18,COL,0.9559999999999887,Q2
2024,18,PER,1.054000000000002,Q2
2024,18,MAG,1.127999999999986,Q2
2024,18,OCO,1.2439999999999998,Q2
2024,18,RIC,1.5600000000000025,Q1
2024,18,STR,1.5689999999999884,Q1
2024,18,GAS,1.786999999999992,Q1
2024,18,BOT,2.046999999999997,Q1
2024,18,ZHO,2.5289999999999964,Q1
2024,20,SAI,0.0,Q3
2024,20,VER,0.2249999999999943,Q3
2024,20,NOR,0.3140000000000071,Q3
2024,20,LEC,0.3190000000000026,Q3
2024,20,RUS,0.4099999999999966,Q3
2024,20,HAM,0.7049999999999983,Q3
2024,20,MAG,0.9399999999999976,Q3
2024,20,GAS,0.945999999999998,Q3
2024,20,ALB,1.1189999999999998,Q3
2024,20,HUL,1.418999999999997,Q3
2024,20,TSU,1.183000000000007,Q2
2024,20,LAW,1.2160000000000082,Q2
2024,20,ALO,1.2220000000000084,Q2
2024,20,STR,1.347999999999999,Q2
2024,20,BOT,1.871000000000009,Q2
2024,20,COL,1.6119999999999948,Q1
2024,20,PIA,1.6510000000000105,Q1
2024,20,PER,1.6650000000000065,Q1
2024,20,OCO,1.6710000000000065,Q1
2024,20,ZHO,2.1260000000000048,Q1
2024,22,RUS,0.0,Q3
2024,22,SAI,0.0979999999999989,Q3
2024,22,GAS,0.3520000000000038,Q3
2024,22,LEC,0.4710000000000036,Q3
2024,22,VER,0.4849999999999994,Q3
2024,22,NOR,0.6960000000000122,Q3
2024,22,TSU,0.7169999999999987,Q3
2024,22,PIA,0.7210000000000036,Q3
2024,22,HUL,0.75,Q3
2024,22,HAM,15.793999999999995,Q3
2024,22,OCO,0.909000000000006,Q2
2024,22,MAG,0.9849999999999994,Q2
2024,22,ZHO,1.2540000000000049,Q2
2024,22,COL,1.4369999999999976,Q2
2024,22,LAW,1.9450000000000072,Q2
2024,22,PER,1.8430000000000035,Q1
2024,22,ALO,1.946000000000012,Q1
2024,22,ALB,2.1129999999999995,Q1
2024,22,BOT,2.118000000000009,Q1
2024,22,STR,2.1720000000000113,Q1
2022,11,VER,0.0,Q3
2022,11,LEC,0.029000000000010573,Q3
2022,11,SAI,0.08200000000000784,Q3
2022,11,RUS,0.44700000000000273,Q3
2022,11,OCO,0.7420000000000044,Q3
2022,11,MAG,0.8950000000000102,Q3
2022,11,MSC,1.027000000000001,Q3
2022,11,ALO,1.1189999999999998,Q3
2022,11,HAM,8.167000000000002,Q3
2022,11,GAS,1.176000000000002,Q2
2022,11,ALB,1.2460000000000093,Q2
2022,11,BOT,1.335000000000008,Q2
2022,11,PER,1.4740000000000038,Q2
2022,11,TSU,1.8670000000000044,Q2
2022,11,NOR,20.863000000000014,Q2
2022,11,RIC,1.6290000000000049,Q1
2022,11,STR,1.8629999999999995,Q1
2022,11,ZHO,1.9170000000000016,Q1
2022,11,LAT,2.0190000000000055,Q1
2022,11,VET,2.0990000000000038,Q1
2022,16,LEC,0.0,Q3
2022,16,VER,0.14499999999999602,Q3
2022,16,SAI,0.2680000000000007,Q3
2022,16,PER,1.0450000000000017,Q3
2022,16,HAM,1.3629999999999995,Q3
2022,16,RUS,1.3810000000000002,Q3
2022,16,NOR,1.4230000000000018,Q3
2022,16,RIC,1.7639999999999958,Q3
2022,16,GAS,2.4869999999999948,Q3
2022,16,ALO,1.7000000000000028,Q2
2022,16,OCO,1.968999999999994,Q2
2022,16,BOT,2.073999999999998,Q2
2022,16,DEV,2.3100000000000023,Q2
2022,16,ZHO,2.415999999999997,Q2
2022,16,TSU,1.8589999999999947,Q1
2022,16,LAT,2.426000000000002,Q1
2022,16,VET,2.4749999999999943,Q1
2022,16,STR,2.5870000000000033,Q1
2022,16,MAG,2.747,Q1
2022,16,MSC,2.843999999999994,Q1
2023,3,VER,0.0,Q3
2023,3,RUS,0.2360000000000042,Q3
2023,3,HAM,0.3719999999999999,Q3
2023,3,ALO,0.4069999999999965,Q3
2023,3,SAI,0.5379999999999967,Q3
2023,3,STR,0.5759999999999934,Q3
2023,3,LEC,0.6370000000000005,Q3
2023,3,ALB,0.8770000000000095,Q3
2023,3,GAS,0.9429999999999978,Q3
2023,3,HUL,1.0030000000000001,Q3
2023,3,OCO,1.0360000000000014,Q2
2023,3,TSU,1.3670000000000044,Q2
2023,3,NOR,1.3870000000000005,Q2
2023,3,MAG,1.3970000000000056,Q2
2023,3,DEV,1.6030000000000086,Q2
2023,3,PIA,1.7849999999999966,Q1
2023,3,ZHO,1.8079999999999927,Q1
2023,3,SAR,1.8250000000000028,Q1
2023,3,BOT,1.9819999999999993,Q1
2023,10,VER,0.0,Q3
2023,10,NOR,0.24099999999999966,Q3
2023,10,PIA,0.3719999999999999,Q3
2023,10,LEC,0.4159999999999968,Q3
2023,10,SAI,0.42799999999999727,Q3
2023,10,RUS,0.4350000000000023,Q3
2023,10,HAM,0.49099999999999966,Q3
2023,10,ALB,0.8100000000000023,Q3
2023,10,ALO,0.938999999999993,Q3
2023,10,GAS,0.9689999999999941,Q3
2023,10,HUL,2.176000000000002,Q2
2023,10,STR,2.2150000000000034,Q2
2023,10,OCO,2.236000000000004,Q2
2023,10,SAR,2.311000000000007,Q2
2023,10,PER,3.2480000000000047,Q1
2023,10,BOT,3.078000000000003,Q1
2023,10,TSU,3.305000000000007,Q1
2023,10,ZHO,3.403000000000006,Q1
2023,10,DEV,3.7930000000000064,Q1
2023,10,MAG,5.658000000000001,Q1
2023,18,LEC,0.0,Q3
2023,18,NOR,0.13000000000000966,Q3
2023,18,HAM,0.1389999999999958,Q3
2023,18,SAI,0.2219999999999942,Q3
2023,18,RUS,0.35600000000000875,Q3
2023,18,VER,0.3580000000000041,Q3
2023,18,GAS,0.36599999999999966,Q3
2023,18,OCO,0.4309999999999974,Q3
2023,18,PER,0.45000000000000284,Q3
2023,18,PIA,0.7439999999999998,Q3
2023,18,TSU,0.9740000000000038,Q2
2023,18,ZHO,0.9750000000000085,Q2
2023,18,BOT,1.1350000000000051,Q2
2023,18,MAG,1.1569999999999965,Q2
2023,18,RIC,1.2509999999999906,Q2
2023,18,HUL,1.5120000000000005,Q1
2023,18,ALO,1.5450000000000017,Q1
2023,18,ALB,1.5919999999999987,Q1
2023,18,STR,1.8659999999999997,Q1
2023,18,SAR,2.103999999999999,Q1
2024,4,VER,0.0,Q3
2024,4,PER,0.0660000000000025,Q3
2024,4,NOR,0.2920000000000016,Q3
2024,4,SAI,0.48499999999999943,Q3
2024,4,ALO,0.4890000000000043,Q3
2024,4,PIA,0.5630000000000024,Q3
2024,4,HAM,0.5689999999999884,Q3
2024,4,LEC,0.5889999999999986,Q3
2024,4,RUS,0.8109999999999928,Q3
2024,4,TSU,1.215999999999994,Q3
2024,4,RIC,1.2750000000000057,Q2
2024,4,HUL,1.296999999999997,Q2
2024,4,BOT,1.3960000000000008,Q2
2024,4,ALB,1.516999999999996,Q2
2024,4,OCO,1.6189999999999998,Q2
2024,4,STR,1.8269999999999982,Q1
2024,4,GAS,1.921999999999997,Q1
2024,4,MAG,1.9339999999999975,Q1
2024,4,SAR,1.941999999999993,Q1
2024,4,ZHO,1.945999999999998,Q1
2024,14,VER,0.0,Q3
2024,14,LEC,0.5949999999999989,Q3
2024,14,PER,0.6060000000000088,Q3
2024,14,HAM,0.6760000000000161,Q3
2024,14,NOR,0.8220000000000027,Q3
2024,14,PIA,0.8680000000000092,Q3
2024,14,RUS,1.0250000000000057,Q3
2024,14,SAI,1.318000000000012,Q3
2024,14,ALO,1.6060000000000088,Q3
2024,14,OCO,1.6510000000000105,Q3
2024,14,ALB,1.3140000000000072,Q2
2024,14,GAS,1.475999999999999,Q2
2024,14,RIC,1.5230000000000103,Q2
2024,14,BOT,1.6050000000000182,Q2
2024,14,STR,2.5570000000000164,Q2
2024,14,HUL,3.149000000000001,Q1
2024,14,MAG,3.341000000000008,Q1
2024,14,TSU,3.4340000000000117,Q1
2024,14,SAR,4.070999999999998,Q1
2024,14,ZHO,4.616000000000014,Q1
2024,24,NOR,0.0,Q3
2024,24,PIA,0.20900000000000318,Q3
2024,24,SAI,0.2289999999999992,Q3
2024,24,HUL,0.2909999999999968,Q3
2024,24,VER,0.3499999999999943,Q3
2024,24,GAS,0.38900000000001,Q3
2024,24,RUS,0.5370000000000061,Q3
2024,24,ALO,0.6009999999999991,Q3
2024,24,BOT,0.6090000000000089,Q3
2024,24,PER,0.6689999999999969,Q3
2024,24,TSU,0.8239999999999981,Q2
2024,24,LAW,0.8770000000000095,Q2
2024,24,STR,1.188999999999993,Q2
2024,24,LEC,1.2379999999999995,Q2
2024,24,MAG,1.2819999999999965,Q2
2024,24,ALB,1.225999999999999,Q1
2024,24,ZHO,1.2849999999999966,Q1
2024,24,HAM,1.2920000000000016,Q1
2024,24,COL,1.3170000000000073,Q1
2024,24,DOO,1.5100000000000051,Q1
