Year,Round,Driver,Expected_Pace_Delta
2022,1,ALB,64.76880988936318
2022,1,ALO,66.22172593630967
2022,1,BOT,55.533296514712674
2022,1,GAS,97.14177198387097
2022,1,HAM,53.31288100195616
2022,1,HUL,69.8377905453026
2022,1,LAT,91.50441316982051
2022,1,LEC,97.04226560467305
2022,1,MAG,87.79604900709728
2022,1,MSC,124.77715707345124
2022,1,NOR,-2.234818707011982
2022,1,OCO,71.6998663899858
2022,1,PER,90.62616506776158
2022,1,RIC,52.92470817571302
2022,1,RUS,55.25715092190603
2022,1,SAI,83.70956282609495
2022,1,STR,70.70752087646815
2022,1,TSU,110.33366927286806
2022,1,VER,88.54488643005698
2022,1,ZHO,51.988630961740455
2022,2,ALB,-5.555349162211314
2022,2,ALO,-0.8688677611671665
2022,2,BOT,54.78411260269604
2022,2,GAS,-1.6226512758157696
2022,2,HAM,-38.65050848486135
2022,2,HUL,-17.527391723093388
2022,2,LAT,-189.3005346095597
2022,2,LEC,-0.9543086829271488
2022,2,MAG,-17.432695253819475
2022,2,NOR,-0.891074589555501
2022,2,OCO,-0.8163649108419122
2022,2,PER,-1.7328854082225007
2022,2,RIC,-19.485543496159153
2022,2,RUS,-0.7952641963638598
2022,2,SAI,-0.8393442562846758
2022,2,STR,-5.708720057631581
2022,2,VER,-0.8193024464544578
2022,2,ZHO,52.08789795384473
2022,3,ALB,-267.1208298483043
2022,3,ALO,-80.72829218722745
2022,3,BOT,-17.895206520837746
2022,3,GAS,-9.205918484814902
2022,3,HAM,-17.993377906650494
2022,3,LAT,124.99958765826159
2022,3,LEC,-18.042731266092233
2022,3,MAG,-97.46034530923498
2022,3,MSC,26.594685399695663
2022,3,NOR,0.08577802715990401
2022,3,OCO,20.77215067290308
2022,3,PER,0.15167075682802533
2022,3,RIC,-9.103634285253975
2022,3,RUS,-27.24453419908241
2022,3,SAI,-289.8525756307208
2022,3,STR,-136.77526507206312
2022,3,TSU,14.867296136053483
2022,3,VER,14.671622155470686
2022,3,VET,-289.6966770891886
2022,3,ZHO,-9.20975775788611
2022,4,ALB,-228.15669355725095
2022,4,BOT,-228.3267033555867
2022,4,GAS,-228.26184604710852
2022,4,HAM,-228.0432979499028
2022,4,LAT,-228.1819110454917
2022,4,LEC,-77.43088725084544
2022,4,MAG,-228.149351719715
2022,4,MSC,-119.40585646311229
2022,4,NOR,-228.03769797666519
2022,4,OCO,-228.12333800401666
2022,4,PER,-123.12774250718849
2022,4,RIC,146.46127712207272
2022,4,RUS,-228.07016630371345
2022,4,STR,-228.09941960795823
2022,4,TSU,-228.23386209197724
2022,4,VER,-123.22574610158608
2022,4,VET,-228.02597077043447
2022,4,ZHO,-228.10325822379855
2022,5,ALB,83.22959748577341
2022,5,ALO,89.78110567544445
2022,5,BOT,12.627344442915273
2022,5,GAS,-3.0856495709185765
2022,5,HAM,40.5170593235498
2022,5,LAT,52.394500848660755
2022,5,LEC,25.69808905899481
2022,5,MAG,54.17125460286752
2022,5,MSC,92.78794660612766
2022,5,NOR,69.60499803607308
2022,5,OCO,8.948665199832249
2022,5,PER,-15.323689879199264
2022,5,RIC,-61.63548857479054
2022,5,RUS,51.69794243718843
2022,5,SAI,7.480394824050563
2022,5,STR,51.70940544477162
2022,5,TSU,20.558077798536942
2022,5,VER,12.575056092845443
2022,5,VET,50.41667061458884
2022,5,ZHO,-94.59921148446938
2022,6,ALB,15.311136023675317
2022,6,ALO,37.162987028648786
2022,6,BOT,42.00398475792554
2022,6,GAS,43.28355198781992
2022,6,HAM,35.275906369011864
2022,6,LAT,20.2002828390996
2022,6,LEC,-25.925399983669195
2022,6,MAG,109.55582094285546
2022,6,MSC,12.415008235198911
2022,6,NOR,29.43832016079523
2022,6,OCO,17.605379087700385
2022,6,PER,8.32627316845992
2022,6,RIC,0.39917702950788225
2022,6,RUS,31.60332832359836
2022,6,SAI,54.17705094564644
2022,6,STR,4.1946392976324205
2022,6,TSU,34.17406035922613
2022,6,VER,-30.870298980186817
2022,6,VET,-62.40390234539427
2022,6,ZHO,19.48776955073663
2022,7,ALB,61.395299957266616
2022,7,ALO,224.24165621833527
2022,7,BOT,-184.64786787627054
2022,7,GAS,-191.54507790693606
2022,7,HAM,226.4259816057529
2022,7,LAT,174.04794952960856
2022,7,LEC,-187.79578779875192
2022,7,MSC,-348.62847450154186
2022,7,NOR,70.339077964838
2022,7,OCO,224.17858765923484
2022,7,PER,226.22308376781075
2022,7,RIC,-180.626464872651
2022,7,RUS,224.00239571849306
2022,7,SAI,-187.75191980323143
2022,7,STR,-348.4048567453665
2022,7,TSU,346.4133267932002
2022,7,VER,226.3158363009734
2022,7,VET,-196.55682192662425
2022,7,ZHO,220.948370650196
2022,8,ALB,266.8843541842152
2022,8,ALO,151.95475068446376
2022,8,BOT,190.31399827936093
2022,8,GAS,255.00473375341426
2022,8,HAM,266.81314540050425
2022,8,LAT,175.4930669616233
2022,8,LEC,254.97863876896827
2022,8,MAG,254.85190294004224
2022,8,MSC,217.18432079926333
2022,8,NOR,125.85149632450248
2022,8,OCO,190.1522499496923
2022,8,PER,197.0157428767352
2022,8,RIC,190.34993741678682
2022,8,RUS,266.80287116810814
2022,8,SAI,-190.00606766223245
2022,8,STR,165.58036169778643
2022,8,TSU,144.30577006439398
2022,8,VER,172.2182226813884
2022,8,VET,254.92786692432492
2022,8,ZHO,254.89583003075586
2022,9,ALB,52.823678365148226
2022,9,ALO,2.9579611557237513
2022,9,BOT,-37.733718125224186
2022,9,GAS,117.8688990531482
2022,9,HAM,86.92937422195428
2022,9,LAT,119.8805877046625
2022,9,LEC,4.14388474673251
2022,9,MAG,110.39343035378442
2022,9,MSC,-88.91871132496635
2022,9,NOR,56.47752450943972
2022,9,OCO,43.89738831799423
2022,9,PER,-23.067827074009983
2022,9,RIC,47.37979103581711
2022,9,RUS,55.29741666760492
2022,9,SAI,42.55274362815544
2022,9,STR,-31.375733010800104
2022,9,TSU,114.60454394746466
2022,9,VER,91.3948200642626
2022,9,VET,140.56485308006904
2022,9,ZHO,46.895854817812506
2022,10,ALB,112.34261605903794
2022,10,ALO,8.303244638294018
2022,10,BOT,68.56760734423096
2022,10,GAS,63.43349680883239
2022,10,HAM,8.590764096003113
2022,10,LAT,90.11506738699154
2022,10,LEC,15.74527929488886
2022,10,MAG,42.014686915085804
2022,10,MSC,-22.87843868632899
2022,10,NOR,9.367485836160085
2022,10,OCO,102.29391095988922
2022,10,PER,-56.87123212960705
2022,10,RIC,7.334249998971245
2022,10,RUS,-38.06147824030177
2022,10,SAI,-18.328876282093006
2022,10,STR,-138.86444979604403
2022,10,TSU,54.43884957711907
2022,10,VER,-144.80612817983456
2022,10,VET,-120.19323998053642
2022,10,ZHO,-48.58148664633063
2022,11,ALB,72.09314059420558
2022,11,ALO,-184.83111500649647
2022,11,BOT,77.03646869205022
2022,11,GAS,69.25468433763308
2022,11,HAM,-115.20483599610088
2022,11,LAT,69.54868560727118
2022,11,LEC,-212.3008620174187
2022,11,MAG,59.90346215646241
2022,11,MSC,55.56874969049477
2022,11,NOR,63.72262233983565
2022,11,OCO,55.458708636182564
2022,11,PER,69.53896474488101
2022,11,RIC,69.18850076709987
2022,11,RUS,72.02382232477339
2022,11,SAI,-26.38052669181343
2022,11,STR,-117.59519213775366
2022,11,TSU,-114.12632492084776
2022,11,VER,-128.26459067749965
2022,11,VET,54.458938720084916
2022,11,ZHO,-104.84562491312772
2022,12,ALB,5.875582632739679
2022,12,ALO,5.798994289854818
2022,12,BOT,34.11029772990332
2022,12,GAS,10.049005007214873
2022,12,HAM,5.957505754207887
2022,12,LAT,5.8395657306027715
2022,12,LEC,-96.41656088069522
2022,12,MAG,57.18933546361586
2022,12,MSC,56.30158775590826
2022,12,NOR,5.8823511011723895
2022,12,OCO,5.854854318637081
2022,12,PER,5.977591092088915
2022,12,RIC,5.9115531078168715
2022,12,RUS,6.012303597857681
2022,12,SAI,7.636609547998887
2022,12,STR,5.85029664288777
2022,12,TSU,30.13458078959411
2022,12,VER,13.236647894827911
2022,12,VET,1.2115161798801637
2022,12,ZHO,62.5150040331464
2022,13,ALB,104.81240623535086
2022,13,ALO,43.608063608641714
2022,13,BOT,18.43988814666409
2022,13,GAS,-69.13456932552617
2022,13,HAM,-69.4377142893045
2022,13,LAT,97.13105255727896
2022,13,LEC,115.8964817485612
2022,13,MAG,101.1487194107176
2022,13,MSC,30.448502612955053
2022,13,NOR,8.81295099939689
2022,13,OCO,36.72259053482412
2022,13,PER,-20.310639229601293
2022,13,RIC,-33.37273841881688
2022,13,RUS,-0.4670269185289726
2022,13,SAI,-66.6516666998341
2022,13,STR,-73.40845941090629
2022,13,TSU,144.88540589195145
2022,13,VER,5.24108266273106
2022,13,VET,-61.365025808025166
2022,13,ZHO,-22.129493845925026
2022,14,ALB,113.0003051546837
2022,14,ALO,100.06849438209792
2022,14,BOT,-95.54640123859508
2022,14,GAS,201.77108003771536
2022,14,HAM,-226.85852850640777
2022,14,LAT,91.64950930571376
2022,14,LEC,132.7204339861364
2022,14,MAG,113.24970424823096
2022,14,MSC,101.06156170907798
2022,14,NOR,106.62140718224327
2022,14,OCO,99.97866173030434
2022,14,PER,91.42658465919794
2022,14,RIC,99.80733425787002
2022,14,RUS,94.67994249144067
2022,14,SAI,166.4366363078925
2022,14,STR,85.94545433995972
2022,14,TSU,159.16554739831736
2022,14,VER,182.1046905551184
2022,14,VET,90.545530301898
2022,14,ZHO,201.32154444599655
2022,15,ALB,53.689850790230594
2022,15,ALO,102.99240960504449
2022,15,BOT,56.12177898153186
2022,15,GAS,39.206504924603905
2022,15,HAM,58.1021498652417
2022,15,LAT,17.765009285031738
2022,15,LEC,6.29136857505091
2022,15,MAG,62.74181138509357
2022,15,MSC,62.834494192698
2022,15,NOR,115.9174959099646
2022,15,OCO,134.014568298423
2022,15,PER,17.522915551043297
2022,15,RIC,42.606219770875214
2022,15,RUS,72.49179101207483
2022,15,SAI,32.172728373046084
2022,15,STR,11.430390783811163
2022,15,TSU,24.375378398005523
2022,15,VER,14.12966956022774
2022,15,VET,38.015239066825416
2022,15,ZHO,19.658223658308998
2022,16,ALO,-109.06574235246808
2022,16,BOT,-85.83240116517663
2022,16,DEV,-99.33418791023087
2022,16,GAS,41.83073592251276
2022,16,HAM,-85.69690929143326
2022,16,LAT,21.88658823681908
2022,16,LEC,-80.50620988587434
2022,16,MAG,-35.6360407393131
2022,16,MSC,-85.68795056281488
2022,16,NOR,-89.9087758536898
2022,16,OCO,-25.620784598620958
2022,16,PER,38.21762723397387
2022,16,RIC,34.455302988832955
2022,16,RUS,-98.56147574190982
2022,16,SAI,-100.64033906665645
2022,16,STR,41.8975310461592
2022,16,TSU,-1.4664811717739212
2022,16,VER,-144.99409404167636
2022,16,VET,-108.96678321090803
2022,16,ZHO,41.861278549127746
2022,17,BOT,124.56034229426223
2022,17,GAS,40.112491289692116
2022,17,HAM,40.22863833032352
2022,17,LEC,40.163406772850976
2022,17,MAG,40.48278389918232
2022,17,MSC,358.38598132950574
2022,17,NOR,40.20241272756721
2022,17,PER,40.31473142398136
2022,17,RIC,124.5019277217798
2022,17,RUS,521.2656367573227
2022,17,SAI,40.3291890661294
2022,17,STR,40.13438771143956
2022,17,TSU,40.402113601970996
2022,17,VER,350.5646490277604
2022,17,VET,39.98727990577754
2022,19,ALB,109.70402127039597
2022,19,ALO,80.17991620916291
2022,19,BOT,24.586744784788607
2022,19,GAS,123.72556913966946
2022,19,HAM,116.11917052966783
2022,19,LAT,111.33636620980178
2022,19,LEC,107.28571021358857
2022,19,MAG,-13.720449778884358
2022,19,MSC,88.98573360117553
2022,19,NOR,112.38236855816831
2022,19,OCO,29.34489736575597
2022,19,PER,109.39335242302695
2022,19,RIC,113.99734140306464
2022,19,RUS,114.52594262146886
2022,19,SAI,-314.0329627040892
2022,19,STR,2.47980174418808
2022,19,TSU,118.44230139664887
2022,19,VER,129.36517513130093
2022,19,VET,52.05728338833978
2022,19,ZHO,123.03356887829887
2022,20,ALB,-197.2684656248466
2022,20,ALO,-119.33500867039857
2022,20,BOT,-105.7058133308501
2022,20,GAS,-214.51392628712256
2022,20,HAM,27.513443975484734
2022,20,LAT,-100.85193520340727
2022,20,LEC,-124.51151916054278
2022,20,MAG,-197.02958360769208
2022,20,MSC,-92.10987725549694
2022,20,NOR,3.2817656483903193
2022,20,OCO,-19.233104220776113
2022,20,PER,-83.85783503955736
2022,20,RIC,-256.2397241743556
2022,20,RUS,-31.151381810953353
2022,20,SAI,-131.7436362963408
2022,20,STR,-146.18200770412386
2022,20,TSU,-131.8167289081248
2022,20,VER,-100.90505103485702
2022,20,VET,-221.7027716615221
2022,20,ZHO,-266.14517967157826
2022,21,ALB,-52.199117938798736
2022,21,ALO,-9.428219934912704
2022,21,BOT,-126.57138712040432
2022,21,GAS,-119.41122549869033
2022,21,HAM,-144.53583284675733
2022,21,LAT,-4.378362801876392
2022,21,LEC,-128.65499570878637
2022,21,MAG,-80.20998854588288
2022,21,MSC,-101.51232819218967
2022,21,NOR,-126.87826980557838
2022,21,OCO,-126.92114140765261
2022,21,PER,-72.88402881273396
2022,21,RIC,-292.97292984185606
2022,21,RUS,-123.61222769838423
2022,21,SAI,-68.85111791670533
2022,21,STR,-48.22540526677403
2022,21,TSU,-115.5729502278864
2022,21,VER,-116.51734856652183
2022,21,VET,-79.24569691436227
2022,21,ZHO,-62.449197067566274
2022,22,ALB,60.74938426272274
2022,22,ALO,149.19148219291765
2022,22,BOT,119.1467784405686
2022,22,GAS,140.97133250336083
2022,22,HAM,156.84088599087136
2022,22,LAT,53.873695809006676
2022,22,LEC,135.12263111081757
2022,22,MAG,113.40924860265204
2022,22,MSC,58.58435672464293
2022,22,NOR,53.654271385382344
2022,22,OCO,47.23655491071986
2022,22,PER,43.21978201028105
2022,22,RIC,149.33328977701512
2022,22,RUS,53.62066035152748
2022,22,SAI,38.3366198748372
2022,22,STR,57.84448632143449
2022,22,TSU,89.66484432943435
2022,22,VER,141.86256840700844
2022,22,VET,107.99445966278836
2022,22,ZHO,75.58595804332072
2023,1,ALB,524.5903035912961
2023,1,ALO,219.1398065331905
2023,1,BOT,202.92049083839447
2023,1,DEV,200.3100863666814
2023,1,GAS,396.51946027875056
2023,1,HAM,210.081595749607
2023,1,HUL,412.32501967761164
2023,1,LEC,215.6947162947381
2023,1,MAG,366.52734541296377
2023,1,NOR,395.1773856721302
2023,1,OCO,80.25225903223873
2023,1,PER,358.1272345258203
2023,1,PIA,239.49676926913435
2023,1,RUS,216.2433448284919
2023,1,SAI,216.49886274848177
2023,1,SAR,547.7952342673416
2023,1,STR,223.57597132148294
2023,1,TSU,405.767212023713
2023,1,VER,360.59664763746787
2023,1,ZHO,480.47196066649485
2023,2,ALB,0.03296492343724822
2023,2,ALO,-4.380830943913679
2023,2,BOT,113.00400889440334
2023,2,DEV,0.029935049564301153
2023,2,GAS,12.286938056931831
2023,2,HAM,-2.56193354473362
2023,2,HUL,23.020742987188896
2023,2,LEC,139.1152437582423
2023,2,MAG,31.119677208302164
2023,2,NOR,48.52143654414431
2023,2,OCO,3.9985517820323366
2023,2,PER,-4.251298502686041
2023,2,PIA,24.971176232479593
2023,2,RUS,-4.330454695604203
2023,2,SAI,8.249590301772514
2023,2,SAR,-2.4786883170136207
2023,2,STR,15.521711116312872
2023,2,TSU,0.009220215664754505
2023,2,VER,-4.4140799794777195
2023,2,ZHO,35.27124967169948
2023,3,ALB,-124.67604622626823
2023,3,ALO,89.42140955783907
2023,3,BOT,61.91374493922012
2023,3,DEV,114.93061259487877
2023,3,GAS,141.78371234656697
2023,3,HAM,89.3322820573303
2023,3,HUL,89.33214843970745
2023,3,LEC,-124.51967620720006
2023,3,MAG,-3.8138603081224574
2023,3,NOR,89.26745730390485
2023,3,OCO,10.912904683384113
2023,3,PER,-314.652137875928
2023,3,PIA,97.09686101781517
2023,3,RUS,-4.017161112561553
2023,3,SAI,23.80637347672291
2023,3,SAR,-282.1616194341268
2023,3,STR,89.2917792287044
2023,3,TSU,97.13357366014952
2023,3,VER,89.34242154484309
2023,3,ZHO,45.794297428281425
2023,4,ALB,99.3936148801804
2023,4,ALO,86.0719694936979
2023,4,BOT,-106.23373259180516
2023,4,DEV,-193.8753290802788
2023,4,GAS,109.72020691353373
2023,4,HAM,95.98170547564132
2023,4,HUL,-181.05905070551398
2023,4,LEC,86.11172462511604
2023,4,MAG,91.72794726808206
2023,4,NOR,96.03306061095282
2023,4,OCO,-176.74269513489162
2023,4,PER,85.99981998504882
2023,4,PIA,99.05373902821611
2023,4,RUS,84.40166632815726
2023,4,SAI,86.00872446400717
2023,4,SAR,99.15469119105819
2023,4,STR,86.18890457619909
2023,4,TSU,99.14388320711078
2023,4,VER,91.68965837454198
2023,4,ZHO,86.03355492864648
2023,5,ALB,-29.99547890149188
2023,5,ALO,-48.62934517512531
2023,5,BOT,31.22663603973797
2023,5,DEV,31.177059491283217
2023,5,GAS,31.27731135862996
2023,5,HAM,-88.8902332810203
2023,5,HUL,-69.50866171932284
2023,5,LEC,18.242493024557007
2023,5,MAG,36.1761512479452
2023,5,NOR,37.44360123291335
2023,5,OCO,-102.60475671583117
2023,5,PER,-9.114114062449516
2023,5,PIA,47.476279660348155
2023,5,RUS,18.07875680167581
2023,5,SAI,9.78163754365778
2023,5,SAR,0.20815768448301242
2023,5,STR,-129.52708826133858
2023,5,TSU,-82.46965626912788
2023,5,VER,-160.55947519360234
2023,5,ZHO,-65.49686803624718
2023,6,ALB,82.20496966347946
2023,6,ALO,-234.60485920909014
2023,6,BOT,-288.4143772065727
2023,6,DEV,-326.31051266381473
2023,6,GAS,-185.424711986514
2023,6,HAM,-34.388698097796805
2023,6,HUL,35.22499205269742
2023,6,LEC,-143.4844027669351
2023,6,MAG,-288.4461638641751
2023,6,NOR,-289.5336941865753
2023,6,OCO,-43.36899796704165
2023,6,PER,150.08562287347013
2023,6,PIA,-288.6192038331119
2023,6,RUS,-288.59633286701865
2023,6,SAI,-6.843672780835732
2023,6,SAR,186.77237783924647
2023,6,STR,-288.48211257684306
2023,6,TSU,-326.1928810989375
2023,6,VER,-326.41940854115364
2023,6,ZHO,41.1658121739365
2023,7,ALB,188.6957422343403
2023,7,ALO,237.50192242286084
2023,7,BOT,64.8014625577307
2023,7,DEV,148.721896959496
2023,7,GAS,145.90706621103618
2023,7,HAM,183.27386374064463
2023,7,HUL,112.17221005898136
2023,7,LEC,119.0976195115345
2023,7,MAG,118.40847321652745
2023,7,NOR,219.2984208698099
2023,7,OCO,175.3672376469276
2023,7,PER,-19.241876087678975
2023,7,PIA,172.17718942612282
2023,7,RUS,217.45108832925416
2023,7,SAI,128.90756268644964
2023,7,SAR,30.41050978419753
2023,7,STR,281.8162709972812
2023,7,TSU,199.71977751303348
2023,7,VER,-22.28165347171216
2023,7,ZHO,124.13024111439972
2023,8,ALB,66.27225430541512
2023,8,ALO,-75.46988675119246
2023,8,BOT,-16.33961091639776
2023,8,DEV,-78.32039596075629
2023,8,GAS,75.17329990030157
2023,8,HAM,-30.174102931735433
2023,8,HUL,-14.575984559477547
2023,8,LEC,-121.2279688781673
2023,8,MAG,-95.88401412664916
2023,8,NOR,-34.339951862523776
2023,8,OCO,-44.24809533660937
2023,8,PER,-13.059180994572671
2023,8,PIA,-52.636613394765845
2023,8,RUS,66.57122423984947
2023,8,SAI,-112.79573335555415
2023,8,SAR,-109.11372594935892
2023,8,STR,-0.9662926084583887
2023,8,TSU,63.61519283043708
2023,8,VER,-41.15645189551833
2023,8,ZHO,-19.237007690770042
2023,9,ALB,-278.55187608238157
2023,9,ALO,-245.25543587000175
2023,9,BOT,-272.7676907914547
2023,9,DEV,-279.8257033925993
2023,9,GAS,-228.70574975858653
2023,9,HAM,-245.3348564373191
2023,9,HUL,95.24437052554458
2023,9,LEC,-196.8486248081208
2023,9,MAG,-347.55165282467806
2023,9,NOR,-278.5672495548806
2023,9,OCO,-285.6732958580351
2023,9,PER,-127.42282773240458
2023,9,PIA,-370.76526033761456
2023,9,RUS,-251.48744335895026
2023,9,SAI,-221.749109347993
2023,9,SAR,-261.50257502951445
2023,9,STR,-302.12027643150213
2023,9,TSU,-442.92530358575004
2023,9,VER,-117.16887556622896
2023,9,ZHO,-322.74957812279354
2023,10,ALB,145.75313577390807
2023,10,ALO,136.7041433241411
2023,10,BOT,128.95858106331434
2023,10,DEV,255.9238720029798
2023,10,GAS,153.54184078776598
2023,10,HAM,136.74328831305138
2023,10,HUL,232.91238712291852
2023,10,LEC,85.4740327700456
2023,10,MAG,-162.70743870358638
2023,10,NOR,-30.31344941149291
2023,10,OCO,-50.05373755966684
2023,10,PER,170.45093875400107
2023,10,PIA,-13.472333619303754
2023,10,RUS,122.99923741004204
2023,10,SAI,-7.141528020882106
2023,10,SAR,166.42712633666451
2023,10,STR,153.58433022734243
2023,10,TSU,280.8067294194825
2023,10,VER,136.94934337958512
2023,10,ZHO,217.97111350932573
2023,11,ALB,183.4331521155209
2023,11,ALO,86.21191097973497
2023,11,BOT,147.5398892465373
2023,11,GAS,-321.56158218517703
2023,11,HAM,86.24512443971616
2023,11,HUL,128.0810595144667
2023,11,LEC,102.4809949435521
2023,11,MAG,125.54280373317488
2023,11,NOR,86.92871320447375
2023,11,OCO,-89.48544909393786
2023,11,PER,103.53263835539656
2023,11,PIA,90.21107987418327
2023,11,RIC,106.89041444775103
2023,11,RUS,90.21739598568547
2023,11,SAI,55.6756980742357
2023,11,SAR,159.28375760748713
2023,11,STR,144.70919271431194
2023,11,TSU,91.52611230048933
2023,11,VER,49.92067853928529
2023,11,ZHO,151.61234248802248
2023,12,ALB,433.9163987751008
2023,12,ALO,381.8120543626901
2023,12,BOT,328.3497184007474
2023,12,GAS,316.12174115830476
2023,12,HAM,418.1527103139606
2023,12,HUL,383.4766692065823
2023,12,LEC,411.9522944078135
2023,12,MAG,330.65100473144867
2023,12,NOR,162.28753940541492
2023,12,OCO,399.02758398956666
2023,12,PER,411.2455278647076
2023,12,PIA,46.29736901953265
2023,12,RIC,309.8876506697843
2023,12,RUS,311.52030688811374
2023,12,SAI,278.8849167814742
2023,12,SAR,432.1664025763139
2023,12,STR,315.5475502029076
2023,12,TSU,373.674066519744
2023,12,VER,407.34888302132913
2023,12,ZHO,402.18369301426446
2023,13,ALB,-292.59631335038284
2023,13,ALO,-159.13161765319092
2023,13,BOT,-80.94313559283
2023,13,GAS,-102.57032013974549
2023,13,HAM,-155.40831835618883
2023,13,HUL,-84.22706957209812
2023,13,LAW,-211.5249647630244
2023,13,LEC,-338.5829764868504
2023,13,MAG,-4.362581536997823
2023,13,NOR,-98.08480863071509
2023,13,OCO,-92.73660072012171
2023,13,PER,-76.77046436545788
2023,13,PIA,-106.93072972765185
2023,13,RUS,12.35034622954663
2023,13,SAI,-74.80343157432435
2023,13,SAR,-516.0646187146358
2023,13,STR,-254.2125381127953
2023,13,TSU,-338.60370735475954
2023,13,VER,-159.0748463056334
2023,13,ZHO,-35.00098537606573
2023,14,ALB,33.69636363187783
2023,14,ALO,-1.5825832055379578
2023,14,BOT,-12.743386468151584
2023,14,GAS,48.95579798001381
2023,14,HAM,-5.854172380911223
2023,14,HUL,37.9764555999227
2023,14,LAW,45.52948129255128
2023,14,LEC,4.654670075987269
2023,14,MAG,26.908427730340918
2023,14,NOR,-6.645623703756428
2023,14,OCO,-17.46027095723184
2023,14,PER,-1.8393910739359853
2023,14,PIA,-7.706125237149536
2023,14,RUS,10.034813016987755
2023,14,SAI,9.940452142552203
2023,14,SAR,38.590423974979785
2023,14,STR,4.486878934433662
2023,14,VER,4.518143831790439
2023,14,ZHO,51.341331297064244
2023,15,ALB,61.75916842303832
2023,15,ALO,76.7478060139847
2023,15,BOT,-111.64797438409278
2023,15,GAS,8.96035299840878
2023,15,HAM,52.54915275860276
2023,15,HUL,8.99907059110501
2023,15,LAW,9.095229021885643
2023,15,LEC,95.66555266065825
2023,15,MAG,86.48132530808925
2023,15,NOR,9.200818160562449
2023,15,OCO,9.129964567986462
2023,15,PER,-102.23542232554973
2023,15,PIA,9.166790735167524
2023,15,RUS,52.464797621168145
2023,15,SAI,8.922759246313035
2023,15,SAR,68.40026743384351
2023,15,TSU,-251.5552994222262
2023,15,VER,-111.9181377466748
2023,15,ZHO,124.74330717310204
2023,16,ALB,-168.58922128735594
2023,16,ALO,71.23161241742855
2023,16,BOT,101.28162359331873
2023,16,GAS,30.11293318382377
2023,16,HAM,47.032450055210575
2023,16,HUL,-108.95577319366475
2023,16,LAW,50.395737119839396
2023,16,LEC,-1.7393495921078284
2023,16,MAG,78.70057373710915
2023,16,NOR,29.716976087728654
2023,16,OCO,81.55485991256228
2023,16,PER,-548.2432018205945
2023,16,PIA,62.80841105717627
2023,16,RUS,-66.6039430361543
2023,16,SAI,-39.87162068903581
2023,16,SAR,-178.21232932990824
2023,16,STR,-118.81695906239383
2023,16,TSU,26.40791345902835
2023,16,VER,-22.192750968371
2023,16,ZHO,-200.311963215363
2023,17,ALB,81.48739253261738
2023,17,ALO,119.09410824756833
2023,17,BOT,113.97114602664078
2023,17,GAS,119.12969782704477
2023,17,HAM,-242.12704019118246
2023,17,HUL,96.85285729807492
2023,17,LAW,94.56433011558602
2023,17,LEC,110.2151502031902
2023,17,MAG,114.07271261077221
2023,17,NOR,131.77166985943495
2023,17,OCO,115.87297256096099
2023,17,PER,73.98667189598746
2023,17,PIA,129.4949038524519
2023,17,RUS,68.50823351842246
2023,17,SAR,188.8410173001048
2023,17,STR,83.12048285503988
2023,17,TSU,108.65949494487177
2023,17,VER,120.47467261287966
2023,17,ZHO,120.94928143310517
2023,18,ALB,56.072799719394425
2023,18,ALO,-28.801505927260223
2023,18,BOT,104.6840143440877
2023,18,GAS,8.182164800919963
2023,18,HAM,1.9957174535447848
2023,18,HUL,-29.83094888685264
2023,18,LEC,-22.0157382440957
2023,18,MAG,56.2583030751357
2023,18,NOR,64.52026832493266
2023,18,OCO,-282.47869917111893
2023,18,PER,13.235749185590976
2023,18,PIA,-282.6231356964836
2023,18,RIC,-65.52493178048553
2023,18,RUS,-7.729282420408708
2023,18,SAI,27.481602461886723
2023,18,SAR,63.277374227005566
2023,18,STR,-57.759751466828675
2023,18,TSU,32.27986459855947
2023,18,VER,32.341070347520144
2023,18,ZHO,106.37396334331333
2023,19,ALB,195.4662960556161
2023,19,ALO,146.63277096101228
2023,19,BOT,144.24006625740276
2023,19,GAS,148.11753076416426
2023,19,HAM,45.82137937954576
2023,19,HUL,52.15795176112624
2023,19,LEC,144.29592367328314
2023,19,MAG,209.00039756369733
2023,19,NOR,-195.1798656027422
2023,19,OCO,184.06063157435983
2023,19,PER,-65.8812895109022
2023,19,PIA,40.76687337446856
2023,19,RIC,150.5389821171202
2023,19,RUS,36.587782101732955
2023,19,SAI,145.32432308580064
2023,19,SAR,58.544381693897776
2023,19,STR,145.25862296968444
2023,19,TSU,277.9917591216581
2023,19,VER,-122.85617871434442
2023,19,ZHO,181.5625248726128
2023,20,ALB,-450.09880502193573
2023,20,ALO,-664.2591927108788
2023,20,BOT,-624.0080145956717
2023,20,GAS,-663.0899821118874
2023,20,HAM,-707.4249604880006
2023,20,HUL,-696.3221026471583
2023,20,MAG,-450.3023803394726
2023,20,NOR,-616.047939595006
2023,20,OCO,-720.1766324198788
2023,20,PER,-694.6694719594434
2023,20,PIA,-504.14833726636243
2023,20,RIC,-633.636037794915
2023,20,RUS,-702.9145926034635
2023,20,SAI,-646.1941498874821
2023,20,SAR,-741.9478443660919
2023,20,STR,-662.3076837453336
2023,20,TSU,-633.8093790226212
2023,20,VER,-625.5685965936509
2023,20,ZHO,-644.1929365956839
2023,21,ALB,12.436497212381255
2023,21,ALO,97.01578227686423
2023,21,BOT,-7.509997005939113
2023,21,GAS,9.608248209555313
2023,21,HAM,101.19085472213465
2023,21,HUL,86.25865003114814
2023,21,LEC,-3.288423358341788
2023,21,MAG,76.7624291795255
2023,21,NOR,-324.5479577108408
2023,21,OCO,1.5861182561593523
2023,21,PER,97.00910305447997
2023,21,PIA,66.94995931144695
2023,21,RIC,9.575412119383145
2023,21,RUS,71.55243977905866
2023,21,SAI,101.56481424008143
2023,21,SAR,15.12734116824413
2023,21,STR,96.81559789396124
2023,21,TSU,6.968994179963374
2023,21,VER,65.96773550857051
2023,21,ZHO,0.8240072527505617
2023,22,ALB,-17.531745980799315
2023,22,ALO,-3.9106096516306934
2023,22,BOT,26.215805304264904
2023,22,GAS,-1.2578783035851302
2023,22,HAM,-0.770903792923491
2023,22,HUL,4.2180950120618945
2023,22,LEC,-4.598993216757663
2023,22,MAG,0.7400061860043934
2023,22,NOR,3.3941616100801184
2023,22,OCO,69.38249617131714
2023,22,PER,-16.941753327959304
2023,22,PIA,-4.111066069244771
2023,22,RIC,0.5952185334017486
2023,22,RUS,2.674173025488926
2023,22,SAI,7.363391028385195
2023,22,SAR,-10.932960423764598
2023,22,STR,-17.708828502833057
2023,22,TSU,24.61186166531934
2023,22,VER,-17.174318384420985
2023,22,ZHO,32.24875971550682
2024,1,ALB,53.299439638924014
2024,1,ALO,24.63858607225484
2024,1,BOT,98.13909327916554
2024,1,GAS,-31.637595249416336
2024,1,HAM,100.05743658978099
2024,1,HUL,12.948394626361733
2024,1,LEC,108.13056977790802
2024,1,MAG,110.88216676117008
2024,1,NOR,89.02006773808898
2024,1,OCO,119.60677462653621
2024,1,PER,-12.693821768332782
2024,1,PIA,97.53411647664143
2024,1,RIC,-22.685492610622532
2024,1,RUS,110.44009420566545
2024,1,SAI,70.82301433791326
2024,1,SAR,-30.241530686265833
2024,1,STR,123.73300564882811
2024,1,TSU,75.37305982887847
2024,1,VER,-66.65873617385114
2024,1,ZHO,126.61524168869255
2024,2,ALB,33.84552587140388
2024,2,ALO,33.68090356515859
2024,2,BEA,98.51708234036778
2024,2,BOT,242.88343628248094
2024,2,GAS,-122.35834763266212
2024,2,HAM,75.72563048928623
2024,2,HUL,-66.84752988853324
2024,2,LEC,33.732979491858714
2024,2,MAG,33.85893697676511
2024,2,NOR,59.4300372019261
2024,2,OCO,33.73283455382261
2024,2,PER,33.899670835418874
2024,2,PIA,33.696917546360055
2024,2,RIC,33.53600928529886
2024,2,RUS,33.8018702025538
2024,2,SAR,33.82443027064255
2024,2,STR,-122.2843817144676
2024,2,TSU,33.7616242623717
2024,2,VER,33.79562827686914
2024,2,ZHO,-1.7338145045268902
2024,3,ALB,136.26888196138862
2024,3,ALO,-55.029830487539584
2024,3,BOT,101.90103699427527
2024,3,GAS,33.327907078355565
2024,3,HAM,82.15843432827023
2024,3,HUL,0.16533476763106592
2024,3,LEC,111.40433265996762
2024,3,MAG,116.98243386695049
2024,3,NOR,61.5209799508857
2024,3,OCO,48.129062676933245
2024,3,PER,85.98145397962799
2024,3,PIA,90.32788602879828
2024,3,RIC,118.02042436556985
2024,3,RUS,77.21023371769479
2024,3,SAI,41.812727557372455
2024,3,STR,98.27221057297174
2024,3,TSU,99.71150695331744
2024,3,VER,-317.8723682000673
2024,3,ZHO,97.96758971079271
2024,4,ALB,-135.09541297299347
2024,4,ALO,162.803973536762
2024,4,BOT,37.78647558995999
2024,4,GAS,63.825238362626806
2024,4,HAM,75.93213292849032
2024,4,HUL,82.77550141356096
2024,4,LEC,170.1810328026968
2024,4,MAG,179.39356027449958
2024,4,NOR,42.82914456186245
2024,4,OCO,55.404307180629075
2024,4,PER,96.97039996653893
2024,4,PIA,78.46070929726284
2024,4,RIC,-259.180471897047
2024,4,RUS,65.85265848141262
2024,4,SAI,101.1037777584097
2024,4,SAR,38.186605550965396
2024,4,STR,96.07960086252479
2024,4,TSU,40.264770769567804
2024,4,VER,103.4047998144406
2024,4,ZHO,-19.23151686696565
2024,5,ALB,239.7249638230196
2024,5,ALO,295.6223709607302
2024,5,BOT,-93.9431508699272
2024,5,GAS,104.52531315564829
2024,5,HAM,269.0569173610229
2024,5,HUL,92.79622053770163
2024,5,LEC,14.906410368647812
2024,5,MAG,80.45408817325642
2024,5,NOR,21.84837701465767
2024,5,OCO,98.9720190857106
2024,5,PER,118.00706743292812
2024,5,PIA,219.3979906710356
2024,5,RIC,298.49717504199725
2024,5,RUS,231.66730058328994
2024,5,SAI,-15.484235474138586
2024,5,SAR,316.5728386268938
2024,5,STR,242.37716704024024
2024,5,TSU,294.6289638231201
2024,5,VER,118.19146211315365
2024,5,ZHO,298.7042702180279
2024,6,ALB,97.09687329290591
2024,6,ALO,11.775480830604465
2024,6,BOT,16.306879279572968
2024,6,GAS,105.18354790094509
2024,6,HAM,17.803077159972418
2024,6,HUL,42.10866756897485
2024,6,LEC,62.10941207604537
2024,6,MAG,-137.1784059409465
2024,6,NOR,-0.09973957080455875
2024,6,OCO,40.692834015025255
2024,6,PER,23.043192586353143
2024,6,PIA,-13.362190942280904
2024,6,RIC,24.524083103987323
2024,6,RUS,25.929134449425874
2024,6,SAI,7.7165630350164065
2024,6,SAR,110.04510606074655
2024,6,STR,45.97890100920449
2024,6,TSU,3.4201779857594374
2024,6,VER,33.070032930993875
2024,6,ZHO,-106.39165301048979
2024,7,ALB,-324.33396996294687
2024,7,ALO,45.47152448030192
2024,7,BOT,84.43377312388293
2024,7,GAS,58.81093756473638
2024,7,HAM,-21.86687498784886
2024,7,HUL,81.7369435634464
2024,7,LEC,-4.878155978480208
2024,7,MAG,-110.08210862917076
2024,7,NOR,22.647613928764258
2024,7,OCO,-5.0965694238084325
2024,7,PER,-108.87376740724358
2024,7,PIA,13.62827351373744
2024,7,RIC,83.72612152994952
2024,7,RUS,0.36911740918276337
2024,7,SAI,-22.032710356832467
2024,7,SAR,-82.75248850361277
2024,7,STR,-110.06681754307192
2024,7,TSU,82.90658776585587
2024,7,VER,4.385475455576852
2024,7,ZHO,-84.17556052904729
2024,8,ALB,378.7436174301374
2024,8,ALO,146.96665699090136
2024,8,BOT,310.0234686512931
2024,8,GAS,146.96228518736916
2024,8,HAM,95.12474310322978
2024,8,HUL,17.316436936614082
2024,8,LEC,378.7369727206669
2024,8,MAG,297.6361519094762
2024,8,NOR,378.42998928189536
2024,8,OCO,297.9251334528699
2024,8,PER,297.8224858430649
2024,8,PIA,378.68383606259977
2024,8,RIC,378.5734794457967
2024,8,RUS,146.78387839148309
2024,8,SAI,378.61712055514454
2024,8,SAR,257.37314724968473
2024,8,STR,-62.26670870741327
2024,8,TSU,378.29154315219967
2024,8,VER,94.02493753381077
2024,8,ZHO,318.91425604758933
2024,9,ALB,-248.41016607038364
2024,9,ALO,180.5080358804944
2024,9,BOT,-248.49064954432197
2024,9,GAS,180.55241756049872
2024,9,HAM,186.27658732405598
2024,9,HUL,-248.4326982538987
2024,9,LEC,180.43739812863168
2024,9,MAG,-97.18957894590312
2024,9,NOR,-248.43562284842665
2024,9,OCO,-248.49594084818818
2024,9,PER,-248.55353216657022
2024,9,PIA,-248.58238012751644
2024,9,RIC,-248.60649374656168
2024,9,RUS,-87.78258853346415
2024,9,SAI,-248.6737191530774
2024,9,STR,180.2510422951591
2024,9,TSU,-248.66503153863414
2024,9,VER,-248.5216206336554
2024,9,ZHO,-129.50774207676477
2024,10,ALB,-185.13852139606388
2024,10,ALO,-66.21105481160521
2024,10,BOT,38.67405247966326
2024,10,GAS,27.90795661789707
2024,10,HAM,-132.7407103111227
2024,10,HUL,40.742742847774934
2024,10,LEC,-204.80380269277885
2024,10,MAG,111.9134319507175
2024,10,NOR,-196.73682013806865
2024,10,OCO,42.50017970362569
2024,10,PER,-181.84850580722104
2024,10,PIA,-180.97343738571544
2024,10,RIC,-16.735820550609787
2024,10,RUS,37.1811504171128
2024,10,SAI,37.265989255876775
2024,10,SAR,62.57097580197842
2024,10,STR,9.922846833731455
2024,10,TSU,-106.61470004952025
2024,10,VER,-144.81305537796106
2024,10,ZHO,34.15323562231242
2024,11,ALB,363.29651845976787
2024,11,ALO,173.48378414813305
2024,11,BOT,258.9277326142319
2024,11,GAS,166.24103427381124
2024,11,HAM,190.09559462044308
2024,11,HUL,375.26270864603066
2024,11,LEC,-112.02482215416421
2024,11,MAG,389.8262405925816
2024,11,NOR,149.0035586602071
2024,11,OCO,180.1619611502847
2024,11,PER,177.45753135566883
2024,11,PIA,123.40347223580557
2024,11,RIC,394.1373850239688
2024,11,RUS,31.513726866147408
2024,11,SAI,144.4101263771372
2024,11,SAR,117.1935890659388
2024,11,STR,68.85311750383153
2024,11,TSU,219.55968166094317
2024,11,VER,124.48938437324068
2024,11,ZHO,274.8074001891946
2024,12,ALB,-104.84310448703036
2024,12,ALO,-104.99246333917563
2024,12,BOT,-156.69392284456262
2024,12,HAM,-151.30205861088143
2024,12,HUL,-156.97264003223245
2024,12,LEC,-220.8549461072198
2024,12,MAG,-151.15391044275202
2024,12,NOR,-151.29469008429805
2024,12,OCO,-161.32465742396926
2024,12,PER,13.136963521221332
2024,12,PIA,-104.9059436757143
2024,12,RIC,-156.731875714564
2024,12,RUS,-297.69582571858155
2024,12,SAI,-66.2116600351892
2024,12,SAR,-151.34593578983822
2024,12,STR,-105.04686195975228
2024,12,TSU,-151.27195606757232
2024,12,VER,-10.007807098458215
2024,12,ZHO,-259.60044725334774
2024,13,ALB,284.14679211823204
2024,13,ALO,108.5365752529633
2024,13,BOT,176.5225619532648
2024,13,GAS,146.9657511697551
2024,13,HAM,196.08691871526207
2024,13,HUL,320.7718354308081
2024,13,LEC,50.66767831148172
2024,13,MAG,279.391361174341
2024,13,NOR,108.2473777209434
2024,13,OCO,239.36340164678495
2024,13,PER,91.13512512692705
2024,13,PIA,104.13495132091612
2024,13,RIC,298.14096286939275
2024,13,RUS,156.12977717026843
2024,13,SAI,73.34082587756166
2024,13,SAR,213.36362642391214
2024,13,STR,-7.053241798947056
2024,13,TSU,144.24353305294517
2024,13,VER,83.42613170155073
2024,13,ZHO,283.1335165043829
2024,14,ALB,31.399998060892813
2024,14,ALO,-60.09799205596255
2024,14,BOT,38.006504088321435
2024,14,GAS,56.30109839762963
2024,14,HAM,51.99494583686601
2024,14,HUL,1.1463763652559464
2024,14,LEC,47.74689363458356
2024,14,MAG,-7.319559918544655
2024,14,NOR,39.484620170590915
2024,14,OCO,49.60861398893303
2024,14,PER,36.04854575757372
2024,14,PIA,52.6127057122103
2024,14,RIC,-83.01955338169182
2024,14,RUS,19.60524782449329
2024,14,SAI,37.84415105451217
2024,14,SAR,31.120456277172252
2024,14,STR,-59.72670018682493
2024,14,TSU,-147.24091281156007
2024,14,VER,36.679747370897076
2024,14,ZHO,-19.80071519665944
2024,15,ALB,14.155364073569217
2024,15,ALO,50.56097168835913
2024,15,BOT,26.91454161879028
2024,15,GAS,45.71639936502288
2024,15,HAM,102.83532400562308
2024,15,HUL,137.54491800420692
2024,15,LEC,91.84089102043254
2024,15,MAG,63.87314628971944
2024,15,NOR,64.71533338349218
2024,15,OCO,55.14825222763466
2024,15,PER,59.28536631814495
2024,15,PIA,42.06282257637213
2024,15,RIC,59.418722974722186
2024,15,RUS,33.122863187934854
2024,15,SAI,54.83947338859434
2024,15,SAR,104.91229402731551
2024,15,STR,55.035432438438875
2024,15,TSU,63.03314944869635
2024,15,VER,70.46973645002981
2024,15,ZHO,63.693761810978685
2024,16,ALB,147.53765705993192
2024,16,ALO,228.84398161522404
2024,16,BOT,186.56277075436174
2024,16,COL,161.95282849405885
2024,16,GAS,258.5572162165572
2024,16,HAM,185.7104409165113
2024,16,HUL,302.65759309169607
2024,16,LEC,176.28741570552756
2024,16,MAG,189.66340794236748
2024,16,NOR,211.20204772390935
2024,16,OCO,170.26009709358732
2024,16,PER,228.17668196887735
2024,16,PIA,169.72458574550728
2024,16,RIC,228.6549079149081
2024,16,RUS,245.54846462832575
2024,16,SAI,116.69059784694673
2024,16,STR,230.36764911524187
2024,16,TSU,244.8794988482423
2024,16,VER,248.12047270484982
2024,16,ZHO,176.21148466258273
2024,17,ALB,17.062663957523
2024,17,ALO,57.5285453383749
2024,17,BEA,45.26598080490112
2024,17,BOT,57.63717316025759
2024,17,COL,61.484811488655396
2024,17,GAS,21.06271619931249
2024,17,HAM,53.58473500100445
2024,17,HUL,40.49793905000479
2024,17,LEC,35.179550926544835
2024,17,NOR,25.58109890708147
2024,17,OCO,14.767352117485643
2024,17,PER,49.39157285892361
2024,17,PIA,40.53818943251099
2024,17,RIC,14.79211253637186
2024,17,RUS,53.646972492197165
2024,17,SAI,29.511284721851553
2024,17,STR,64.54298655559069
2024,17,TSU,53.47939154436244
2024,17,VER,56.935350218653184
2024,17,ZHO,27.381900273889187
2024,18,ALB,17.98356970248642
2024,18,ALO,-38.98612187587241
2024,18,BOT,-55.28793658279574
2024,18,COL,-72.21783912854517
2024,18,GAS,-54.607627204894925
2024,18,HAM,104.11660075249347
2024,18,HUL,-72.48695777675675
2024,18,LEC,-126.86451869637676
2024,18,MAG,4.751035296852024
2024,18,NOR,-79.7498003775263
2024,18,OCO,-72.26777833575943
2024,18,PER,-64.97623403850957
2024,18,PIA,-150.04265806249987
2024,18,RIC,132.75481868185943
2024,18,RUS,-56.921491075787344
2024,18,SAI,23.793782266719063
2024,18,STR,-37.25383600972418
2024,18,TSU,-3.022219509646675
2024,18,VER,-72.3170664621266
2024,18,ZHO,-58.84897695969448
2024,19,ALB,52.47761108328086
2024,19,ALO,4.052091254076004
2024,19,BOT,78.29259719332549
2024,19,COL,65.68838224125557
2024,19,GAS,58.40344378323971
2024,19,HAM,59.86640703982721
2024,19,HUL,-1.0954279751877039
2024,19,LAW,68.5168831665469
2024,19,LEC,3.9080606541465386
2024,19,MAG,42.96274595419345
2024,19,NOR,-18.881285482470958
2024,19,OCO,-46.72749596935682
2024,19,PER,3.9029535363843024
2024,19,PIA,-23.976270312352426
2024,19,RUS,64.39100046229214
2024,19,SAI,36.641370872752304
2024,19,STR,39.01742860395825
2024,19,TSU,58.259569220404956
2024,19,VER,10.04726120756186
2024,19,ZHO,47.31827292367598
2024,20,ALB,-305.25516463756594
2024,20,ALO,-304.95014460998755
2024,20,BOT,-190.34050622564428
2024,20,COL,-174.1925728574197
2024,20,GAS,-36.59136025015687
2024,20,HAM,-36.699297631860645
2024,20,HUL,-46.168704757230444
2024,20,LAW,-68.5555266057454
2024,20,LEC,-50.6568663786602
2024,20,MAG,-55.927672605072075
2024,20,NOR,-56.09574047144997
2024,20,OCO,-182.86732280625074
2024,20,PER,60.238069707457726
2024,20,PIA,-157.91777807023027
2024,20,RUS,-66.80398419947778
2024,20,SAI,-77.64076755161477
2024,20,STR,-18.833277581908987
2024,20,TSU,-305.1429827540169
2024,20,VER,-18.982904982470245
2024,20,ZHO,-132.76883478218951
2024,22,ALB,42.95876017061346
2024,22,ALO,100.05745147665766
2024,22,BOT,62.21595780368625
2024,22,COL,102.73360424983548
2024,22,GAS,41.075356852277764
2024,22,HAM,84.87944454078934
2024,22,HUL,75.31825287721767
2024,22,LAW,68.98036530596619
2024,22,LEC,100.92297106522165
2024,22,MAG,19.862412232854695
2024,22,NOR,90.03761108687831
2024,22,OCO,-49.041257584154664
2024,22,PER,84.28056685549745
2024,22,PIA,93.71431698224842
2024,22,RUS,87.97220222683336
2024,22,SAI,99.03181626834885
2024,22,STR,103.04797324372612
2024,22,TSU,99.26327819113885
2024,22,VER,93.91018644404085
2024,22,ZHO,86.48691182452876
2024,23,ALB,-201.48690829803854
2024,23,ALO,-223.44147318066098
2024,23,BOT,-136.20083722184154
2024,23,COL,-301.518988162823
2024,23,GAS,-183.62131042593683
2024,23,HAM,-158.6030862670532
2024,23,HUL,-17.96269634825967
2024,23,LAW,-230.08259200923658
2024,23,LEC,-183.43633752289225
2024,23,MAG,-116.38575752649012
2024,23,NOR,-162.55909165171943
2024,23,OCO,-301.7189886866363
2024,23,PER,-183.5504089162123
2024,23,PIA,-175.38565161322458
2024,23,RUS,-49.589685259660655
2024,23,SAI,-175.305655669079
2024,23,STR,11.656384539409373
2024,23,TSU,-230.16023174674046
2024,23,VER,-183.56116498785923
2024,23,ZHO,-183.55163247149358
2024,24,ALB,39.32799762163813
2024,24,ALO,-6.236744457096393
2024,24,BOT,45.17067092957586
2024,24,COL,39.74530496612806
2024,24,DOO,-13.18833376649036
2024,24,GAS,33.14972131773902
2024,24,HAM,-26.53441832536737
2024,24,HUL,36.34022935648045
2024,24,LAW,-290.2111143220918
2024,24,LEC,-0.004191760860521754
2024,24,MAG,155.73743967443534
2024,24,NOR,-43.30418656209076
2024,24,PER,-125.96486329627987
2024,24,PIA,0.20437125660464517
2024,24,RUS,-43.368947349054
2024,24,SAI,-36.12604642047609
2024,24,STR,16.073988036707306
2024,24,TSU,-13.17071881917036
2024,24,VER,-61.586755801632535
2024,24,ZHO,-13.65961209532179
