Year,Round,Driver,Expected_Pace_Delta
2022,1,ALB,64.66973561145096
2022,1,ALO,66.20018185665685
2022,1,BOT,55.26007852612929
2022,1,GAS,96.91800012279327
2022,1,HAM,53.259852460611
2022,1,HUL,69.69827220690331
2022,1,LAT,91.51253661273222
2022,1,LEC,96.99183449739485
2022,1,MAG,87.67068154068147
2022,1,MSC,124.69556191023003
2022,1,NOR,-2.596469329266256
2022,1,OCO,71.52658650253943
2022,1,PER,90.36241697767855
2022,1,RIC,52.8389057077311
2022,1,RUS,55.10819311022533
2022,1,SAI,83.71826302527552
2022,1,STR,70.68221692213956
2022,1,TSU,110.35296920900873
2022,1,VER,88.60578547636396
2022,1,ZHO,51.80693879859609
2022,2,ALB,-5.758330448623383
2022,2,ALO,-0.8323134756465151
2022,2,BOT,54.987959247509934
2022,2,GAS,-1.5981981911481853
2022,2,HAM,-38.89183776059872
2022,2,HUL,-17.07027305142492
2022,2,LAT,-189.49211039765578
2022,2,LEC,-0.6831708859426726
2022,2,MAG,-17.31414830517315
2022,2,NOR,-0.7386039476823498
2022,2,OCO,-0.9579939664108679
2022,2,PER,-1.6838369706147205
2022,2,RIC,-19.363124101134417
2022,2,RUS,-0.9598861442009365
2022,2,SAI,-0.8504485222747462
2022,2,STR,-5.601710466065924
2022,2,VER,-0.9807760275598412
2022,2,ZHO,51.98840126625328
2022,3,ALB,-267.1587723955872
2022,3,ALO,-80.58369983149987
2022,3,BOT,-17.99691557883034
2022,3,GAS,-9.029401228611277
2022,3,HAM,-17.769159619941092
2022,3,LAT,124.92292001408623
2022,3,LEC,-17.954488212829347
2022,3,MAG,-97.48050002122545
2022,3,MSC,26.479102643474107
2022,3,NOR,-0.1453697319366256
2022,3,OCO,20.719826668561836
2022,3,PER,0.17906942260469805
2022,3,RIC,-9.318643242403596
2022,3,RUS,-27.57874268010619
2022,3,SAI,-289.66060318079235
2022,3,STR,-136.85929291987213
2022,3,TSU,14.816815904964642
2022,3,VER,14.788693306482855
2022,3,VET,-289.6012959208947
2022,3,ZHO,-9.072876295286733
2022,4,ALB,-228.04580281975905
2022,4,BOT,-228.3535215909651
2022,4,GAS,-227.98613785311318
2022,4,HAM,-228.15534552554163
2022,4,LAT,-228.11486547102322
2022,4,LEC,-77.31567082787296
2022,4,MAG,-228.22110925956804
2022,4,MSC,-119.69807734096503
2022,4,NOR,-228.0710139175044
2022,4,OCO,-228.0913284027356
2022,4,PER,-123.22365047134554
2022,4,RIC,146.65187181497186
2022,4,RUS,-228.17655574071432
2022,4,STR,-227.92507911083067
2022,4,TSU,-228.21364408984118
2022,4,VER,-123.27223972871798
2022,4,VET,-228.15378968856567
2022,4,ZHO,-227.97579332905298
2022,5,ALB,83.22382251156523
2022,5,ALO,89.71240445144213
2022,5,BOT,12.980446631631821
2022,5,GAS,-3.1619141591254447
2022,5,HAM,40.450797967914696
2022,5,LAT,52.25616299662306
2022,5,LEC,25.81472855987886
2022,5,MAG,53.922802811300244
2022,5,MSC,92.77582568480284
2022,5,NOR,69.57893317336675
2022,5,OCO,8.920814647592124
2022,5,PER,-15.438024723643139
2022,5,RIC,-61.71642645846987
2022,5,RUS,51.58060385605131
2022,5,SAI,7.363356623001891
2022,5,STR,51.59575335485715
2022,5,TSU,20.482300424755522
2022,5,VER,12.56019577013285
2022,5,VET,50.46949097340894
2022,5,ZHO,-94.57296759340534
2022,6,ALB,15.267591820071175
2022,6,ALO,36.94250633748197
2022,6,BOT,41.787360624641224
2022,6,GAS,42.80359355151268
2022,6,HAM,35.282754782418124
2022,6,LAT,19.83484432703517
2022,6,LEC,-26.295732766379842
2022,6,MAG,109.25939383089826
2022,6,MSC,12.119799334988784
2022,6,NOR,29.016959853530352
2022,6,OCO,17.659151456895415
2022,6,PER,8.226844218264887
2022,6,RIC,0.19848585160252696
2022,6,RUS,31.42143676403066
2022,6,SAI,54.15720605648039
2022,6,STR,4.092085681109893
2022,6,TSU,33.98157479470319
2022,6,VER,-31.381801254483435
2022,6,VET,-62.49236240643586
2022,6,ZHO,19.61263405628233
2022,7,ALB,61.11006291161084
2022,7,ALO,223.73059385998022
2022,7,BOT,-184.87525771211494
2022,7,GAS,-191.7598459305509
2022,7,HAM,226.22136717154444
2022,7,LAT,173.97706436993303
2022,7,LEC,-187.85742528355695
2022,7,MSC,-348.77928437072205
2022,7,NOR,70.3580458032875
2022,7,OCO,223.91097274476306
2022,7,PER,225.8170088197503
2022,7,RIC,-181.10891281629756
2022,7,RUS,223.93549236987928
2022,7,SAI,-187.90538632898824
2022,7,STR,-348.5537040568588
2022,7,TSU,346.14287656019314
2022,7,VER,226.00606531053745
2022,7,VET,-196.79702305432784
2022,7,ZHO,220.57869966983708
2022,8,ALB,266.88929809188176
2022,8,ALO,151.8708280046376
2022,8,BOT,190.22390807937336
2022,8,GAS,254.84857867727442
2022,8,HAM,266.9464379649744
2022,8,LAT,175.12119607365366
2022,8,LEC,254.93276234519544
2022,8,MAG,254.97592956036806
2022,8,MSC,217.15504420163325
2022,8,NOR,125.47154689765193
2022,8,OCO,190.12012045556367
2022,8,PER,196.93670807109538
2022,8,RIC,190.27114741542755
2022,8,RUS,266.7918663101955
2022,8,SAI,-190.00507922025645
2022,8,STR,165.40865201749511
2022,8,TSU,144.26242223548434
2022,8,VER,172.2141239782004
2022,8,VET,255.03522946352587
2022,8,ZHO,254.7704964062741
2022,9,ALB,52.791975381833254
2022,9,ALO,3.291580486642488
2022,9,BOT,-37.72349377857972
2022,9,GAS,117.84290428968052
2022,9,HAM,87.17361437947693
2022,9,LAT,119.79890375191735
2022,9,LEC,4.01183535709788
2022,9,MAG,110.6200282048394
2022,9,MSC,-89.04851665382193
2022,9,NOR,56.4917538013724
2022,9,OCO,44.07921302837167
2022,9,PER,-22.92929580791497
2022,9,RIC,47.09335622249091
2022,9,RUS,55.27678665411531
2022,9,SAI,42.591861955046625
2022,9,STR,-31.544607990961595
2022,9,TSU,114.49348387388818
2022,9,VER,91.57500083289597
2022,9,VET,140.75244910956644
2022,9,ZHO,47.25616629657361
2022,10,ALB,112.74714818871871
2022,10,ALO,8.737080318936023
2022,10,BOT,68.84464035128622
2022,10,GAS,63.93556628318947
2022,10,HAM,8.52630039430096
2022,10,LAT,90.32775396392572
2022,10,LEC,15.88757777527735
2022,10,MAG,42.09748936516826
2022,10,MSC,-22.463802402913643
2022,10,NOR,9.475214497828347
2022,10,OCO,102.59357921303854
2022,10,PER,-56.79614687997673
2022,10,RIC,7.403830036746513
2022,10,RUS,-37.77527908429329
2022,10,SAI,-18.271769869282252
2022,10,STR,-138.67880288120796
2022,10,TSU,54.77725323811046
2022,10,VER,-144.58623787689976
2022,10,VET,-119.80564800152388
2022,10,ZHO,-48.33020737561492
2022,11,ALB,71.7715912435724
2022,11,ALO,-184.8052965728839
2022,11,BOT,77.05587435757934
2022,11,GAS,69.21959814624915
2022,11,HAM,-115.29302068556444
2022,11,LAT,69.5358886418262
2022,11,LEC,-212.24323317729704
2022,11,MAG,60.115238227422196
2022,11,MSC,55.497404870798164
2022,11,NOR,63.6327562744591
2022,11,OCO,55.59017684608443
2022,11,PER,69.36030596537512
2022,11,RIC,69.19888011618332
2022,11,RUS,72.10984567811556
2022,11,SAI,-26.587798610983555
2022,11,STR,-117.95179587604525
2022,11,TSU,-114.21647588761243
2022,11,VER,-128.40742427689474
2022,11,VET,54.28007677625101
2022,11,ZHO,-104.72836137812192
2022,12,ALB,5.971439370412554
2022,12,ALO,5.906687635095295
2022,12,BOT,34.08597144780833
2022,12,GAS,9.935023085992725
2022,12,HAM,5.65998636194854
2022,12,LAT,5.726762100122869
2022,12,LEC,-96.38151259622555
2022,12,MAG,57.27691790558856
2022,12,MSC,56.40015136958391
2022,12,NOR,5.819234634172062
2022,12,OCO,5.903351071795441
2022,12,PER,5.969602081602716
2022,12,RIC,5.90252370014241
2022,12,RUS,5.816978980812564
2022,12,SAI,7.646498684105609
2022,12,STR,5.947174770208221
2022,12,TSU,30.290159404817132
2022,12,VER,13.421192306612284
2022,12,VET,1.3889715489876835
2022,12,ZHO,62.57505402589686
2022,13,ALB,104.7739089435936
2022,13,ALO,43.756984292705965
2022,13,BOT,18.575095168020198
2022,13,GAS,-68.79464051293326
2022,13,HAM,-69.31155163930634
2022,13,LAT,97.18765152891501
2022,13,LEC,116.08174534941281
2022,13,MAG,101.02046032842463
2022,13,MSC,30.431304444404304
2022,13,NOR,8.812109597491144
2022,13,OCO,36.895565402643115
2022,13,PER,-20.286893244004204
2022,13,RIC,-33.333735182881355
2022,13,RUS,-0.44209951559059846
2022,13,SAI,-66.47835488945748
2022,13,STR,-73.35565358011081
2022,13,TSU,144.8846191336579
2022,13,VER,5.655804084521151
2022,13,VET,-61.04104157786787
2022,13,ZHO,-22.12648303667629
2022,14,ALB,112.90215861228899
2022,14,ALO,100.19377631596944
2022,14,BOT,-95.55240004704956
2022,14,GAS,201.78209879988754
2022,14,HAM,-227.04856300193296
2022,14,LAT,91.61546979670493
2022,14,LEC,132.52722816618734
2022,14,MAG,113.11838440600877
2022,14,MSC,100.98405412405282
2022,14,NOR,106.46549895840053
2022,14,OCO,99.9433831310862
2022,14,PER,91.48760864350697
2022,14,RIC,99.70523939862869
2022,14,RUS,94.56956493655343
2022,14,SAI,166.39576719330398
2022,14,STR,85.66130410541518
2022,14,TSU,159.25097285020638
2022,14,VER,182.1416285660116
2022,14,VET,90.61262255604197
2022,14,ZHO,201.18830440619058
2022,15,ALB,53.352653787669624
2022,15,ALO,102.93849366308314
2022,15,BOT,56.177893272804795
2022,15,GAS,39.299407500924644
2022,15,HAM,57.77699103875875
2022,15,LAT,17.62774700801492
2022,15,LEC,6.324810616072682
2022,15,MAG,62.773152498250056
2022,15,MSC,62.73347410344286
2022,15,NOR,115.96616963263023
2022,15,OCO,133.89965618651695
2022,15,PER,17.186069765089997
2022,15,RIC,42.42554424611262
2022,15,RUS,71.85823455924583
2022,15,SAI,32.240922796068844
2022,15,STR,11.160624028951133
2022,15,TSU,24.20811719977428
2022,15,VER,14.468493776734249
2022,15,VET,37.84724919121618
2022,15,ZHO,19.374944797558783
2022,16,ALO,-109.26665791271807
2022,16,BOT,-85.7805486947982
2022,16,DEV,-99.20132130161073
2022,16,GAS,42.03141725423302
2022,16,HAM,-85.67598254055156
2022,16,LAT,21.938023510448147
2022,16,LEC,-80.65160235195435
2022,16,MAG,-35.61598952290569
2022,16,MSC,-85.6477306114084
2022,16,NOR,-89.75108820724927
2022,16,OCO,-25.8682154989001
2022,16,PER,38.18481417828298
2022,16,RIC,34.459588532463385
2022,16,RUS,-98.46257688320657
2022,16,SAI,-100.70607640347043
2022,16,STR,42.18140517174561
2022,16,TSU,-1.42639372474423
2022,16,VER,-145.0212145582409
2022,16,VET,-109.12844790599411
2022,16,ZHO,42.02966106448184
2022,17,BOT,124.73763638377295
2022,17,GAS,40.28304616808691
2022,17,HAM,40.42859124322695
2022,17,LEC,40.182588992840465
2022,17,MAG,40.0671221142029
2022,17,MSC,358.5292800795369
2022,17,NOR,40.09861714778617
2022,17,PER,40.05988265909855
2022,17,RIC,124.6927970149145
2022,17,RUS,520.7634866653498
2022,17,SAI,40.15072295985374
2022,17,STR,40.239798009923106
2022,17,TSU,40.12580272445575
2022,17,VER,350.64087259419193
2022,17,VET,40.20094707674161
2022,19,ALB,109.87839327770507
2022,19,ALO,80.31905483365608
2022,19,BOT,24.810540643898094
2022,19,GAS,123.70156876821147
2022,19,HAM,116.7422054294284
2022,19,LAT,111.60089082793274
2022,19,LEC,107.64297906787124
2022,19,MAG,-13.401124985207389
2022,19,MSC,89.21220774217454
2022,19,NOR,112.76705878465418
2022,19,OCO,29.32868008020796
2022,19,PER,109.58401837094152
2022,19,RIC,114.18102157187695
2022,19,RUS,114.96359664876309
2022,19,SAI,-313.63873614076056
2022,19,STR,2.7421393332679145
2022,19,TSU,118.4304088449544
2022,19,VER,129.26865062928937
2022,19,VET,52.38306192502114
2022,19,ZHO,123.41828217924649
2022,20,ALB,-196.9132855171929
2022,20,ALO,-119.04026109703409
2022,20,BOT,-105.34757725493182
2022,20,GAS,-214.35720283780302
2022,20,HAM,27.608839546206582
2022,20,LAT,-100.70744095204464
2022,20,LEC,-124.12200459705491
2022,20,MAG,-196.95952677664536
2022,20,MSC,-91.86878327087743
2022,20,NOR,3.7121029547843136
2022,20,OCO,-19.241348762708185
2022,20,PER,-83.402824632165
2022,20,RIC,-256.3088501131124
2022,20,RUS,-31.017331427295176
2022,20,SAI,-131.23470201014425
2022,20,STR,-146.35759851293187
2022,20,TSU,-131.37325342332497
2022,20,VER,-100.53295613984028
2022,20,VET,-221.45869035376927
2022,20,ZHO,-265.9498600640536
2022,21,ALB,-52.34916203881767
2022,21,ALO,-9.128919823631804
2022,21,BOT,-126.69036990862605
2022,21,GAS,-119.442055455027
2022,21,HAM,-144.2828886034522
2022,21,LAT,-4.259457827589358
2022,21,LEC,-128.6824434194823
2022,21,MAG,-80.26630415747422
2022,21,MSC,-101.33102394675188
2022,21,NOR,-126.77944984532405
2022,21,OCO,-126.63353031252154
2022,21,PER,-72.70452756474242
2022,21,RIC,-292.95223445825286
2022,21,RUS,-123.38468216591173
2022,21,SAI,-68.66242317092201
2022,21,STR,-48.26233143889385
2022,21,TSU,-115.48510148821515
2022,21,VER,-116.14407903980009
2022,21,VET,-79.19284532504025
2022,21,ZHO,-62.54304142818455
2022,22,ALB,60.747590051872976
2022,22,ALO,149.20909489470796
2022,22,BOT,119.491300530839
2022,22,GAS,141.18838901607523
2022,22,HAM,156.89667689150883
2022,22,LAT,53.81417510614483
2022,22,LEC,135.02822950113205
2022,22,MAG,113.64964817436157
2022,22,MSC,58.48785730430609
2022,22,NOR,54.209324199670846
2022,22,OCO,47.22653272694333
2022,22,PER,43.52214698061107
2022,22,RIC,149.481855913461
2022,22,RUS,53.73375004393074
2022,22,SAI,38.458224703114865
2022,22,STR,57.93628165089103
2022,22,TSU,89.41599900421988
2022,22,VER,142.02960774787607
2022,22,VET,108.1078617579833
2022,22,ZHO,75.6313666581409
2023,1,ALB,524.3204095990932
2023,1,ALO,218.65904163006235
2023,1,BOT,202.4281569502191
2023,1,DEV,199.937055645496
2023,1,GAS,396.0411213122934
2023,1,HAM,209.75961628594087
2023,1,HUL,412.1293070383381
2023,1,LEC,215.51334772563678
2023,1,MAG,366.168659644105
2023,1,NOR,394.94075524779055
2023,1,OCO,79.90233510430699
2023,1,PER,357.890232767837
2023,1,PIA,239.1692298464368
2023,1,RUS,215.9428931082457
2023,1,SAI,215.89811890727287
2023,1,SAR,547.5972070169973
2023,1,STR,223.3114912162473
2023,1,TSU,405.5893337860998
2023,1,VER,360.2217863505384
2023,1,ZHO,480.34368147758505
2023,2,ALB,-0.1194546684200759
2023,2,ALO,-4.53775502118242
2023,2,BOT,112.93177797334283
2023,2,DEV,-0.1781808359110073
2023,2,GAS,12.18375166226906
2023,2,HAM,-2.721499446368398
2023,2,HUL,22.71183211628704
2023,2,LEC,138.78561142068793
2023,2,MAG,31.125369717889043
2023,2,NOR,48.27236442697631
2023,2,OCO,3.8142904358974192
2023,2,PER,-4.634535318939015
2023,2,PIA,24.88919518093644
2023,2,RUS,-4.443634025528809
2023,2,SAI,8.029602660097225
2023,2,SAR,-2.5029465115321727
2023,2,STR,15.525833771174803
2023,2,TSU,-0.18052275573063525
2023,2,VER,-4.368846307818785
2023,2,ZHO,35.28601509836426
2023,3,ALB,-124.42513117028466
2023,3,ALO,89.45253963959112
2023,3,BOT,62.05262448598842
2023,3,DEV,114.9130578296199
2023,3,GAS,141.69670622392186
2023,3,HAM,89.48693101592289
2023,3,HUL,89.44281781817153
2023,3,LEC,-124.41758572401613
2023,3,MAG,-3.9694060209749296
2023,3,NOR,89.48419423713494
2023,3,OCO,10.744264834056594
2023,3,PER,-314.5073528701232
2023,3,PIA,97.31835503300863
2023,3,RUS,-4.087864158380398
2023,3,SAI,23.894549677118448
2023,3,SAR,-282.11584556595517
2023,3,STR,89.34688896476928
2023,3,TSU,97.19593032676767
2023,3,VER,89.43071101841451
2023,3,ZHO,45.7262131302341
2023,4,ALB,99.55928921701252
2023,4,ALO,86.02248272703764
2023,4,BOT,-106.00204759243297
2023,4,DEV,-193.86392044779495
2023,4,GAS,109.80544589128294
2023,4,HAM,96.20206724663058
2023,4,HUL,-181.25359837579072
2023,4,LEC,86.2457264692548
2023,4,MAG,92.04709495265797
2023,4,NOR,96.11632760291832
2023,4,OCO,-176.95112601428082
2023,4,PER,86.20514696873033
2023,4,PIA,99.18462892269963
2023,4,RUS,84.55889616517197
2023,4,SAI,86.11427351568818
2023,4,SAR,99.08950325935803
2023,4,STR,86.18071813230381
2023,4,TSU,99.2114661880205
2023,4,VER,91.83536899583669
2023,4,ZHO,86.33770046885547
2023,5,ALB,-29.905874916762514
2023,5,ALO,-48.611769749522864
2023,5,BOT,31.22456077676179
2023,5,DEV,31.264056750524105
2023,5,GAS,31.26690026742017
2023,5,HAM,-89.3432252055918
2023,5,HUL,-69.34581684357181
2023,5,LEC,18.121033331968647
2023,5,MAG,36.587782603442065
2023,5,NOR,37.47644840400062
2023,5,OCO,-102.61018424555641
2023,5,PER,-9.172280883590247
2023,5,PIA,47.36171997716974
2023,5,RUS,17.84274884322531
2023,5,SAI,9.761611037458351
2023,5,SAR,0.5309609554869894
2023,5,STR,-129.55685304564759
2023,5,TSU,-82.55854974279464
2023,5,VER,-160.66869434420732
2023,5,ZHO,-65.38539644415687
2023,6,ALB,82.17653514570065
2023,6,ALO,-234.77767751830652
2023,6,BOT,-288.8661779954464
2023,6,DEV,-326.7086991799015
2023,6,GAS,-185.78760139782116
2023,6,HAM,-34.64791409594909
2023,6,HUL,35.060514280678035
2023,6,LEC,-143.8304866100052
2023,6,MAG,-288.81640923560644
2023,6,NOR,-289.69860962769053
2023,6,OCO,-43.566363012902
2023,6,PER,149.84146059465365
2023,6,PIA,-288.99723994559463
2023,6,RUS,-288.58719698126424
2023,6,SAI,-7.068017452252207
2023,6,SAR,186.5854984588932
2023,6,STR,-288.6889701871978
2023,6,TSU,-326.8030346540172
2023,6,VER,-326.53876543343995
2023,6,ZHO,41.07673167498706
2023,7,ALB,188.9263356456886
2023,7,ALO,237.6323094080999
2023,7,BOT,64.67889221238966
2023,7,DEV,148.8871826580944
2023,7,GAS,145.91755720502078
2023,7,HAM,183.2028449437721
2023,7,HUL,112.3251524429088
2023,7,LEC,119.25145116187014
2023,7,MAG,118.75686454456627
2023,7,NOR,219.61936044105096
2023,7,OCO,175.6380108557678
2023,7,PER,-18.923131278015717
2023,7,PIA,172.28218415476567
2023,7,RUS,217.64001706205454
2023,7,SAI,128.90593367976908
2023,7,SAR,30.401938098529172
2023,7,STR,281.9709373874739
2023,7,TSU,199.9441602311299
2023,7,VER,-22.12862861415033
2023,7,ZHO,124.34508285745869
2023,8,ALB,66.37234344835178
2023,8,ALO,-75.52297421407275
2023,8,BOT,-16.01175646851334
2023,8,DEV,-78.24222976309102
2023,8,GAS,75.17915013772654
2023,8,HAM,-29.801709825925172
2023,8,HUL,-14.56389382927864
2023,8,LEC,-121.18970088134847
2023,8,MAG,-95.72748657462216
2023,8,NOR,-34.52036432607656
2023,8,OCO,-43.928875891409916
2023,8,PER,-13.165677029906874
2023,8,PIA,-52.70287187219219
2023,8,RUS,66.32694910547616
2023,8,SAI,-112.53982647448538
2023,8,SAR,-108.98108742246495
2023,8,STR,-0.5618536393194518
2023,8,TSU,63.7830280581893
2023,8,VER,-41.19957363265803
2023,8,ZHO,-19.18396028897314
2023,9,ALB,-278.64123207908415
2023,9,ALO,-245.43578109990267
2023,9,BOT,-272.88655564731744
2023,9,DEV,-279.99444114069775
2023,9,GAS,-228.5739473241165
2023,9,HAM,-245.4634783504789
2023,9,HUL,95.04513400879569
2023,9,LEC,-197.1972658655386
2023,9,MAG,-347.66298193195325
2023,9,NOR,-278.66334952760735
2023,9,OCO,-285.78444753142594
2023,9,PER,-127.4279508773161
2023,9,PIA,-370.8600249574629
2023,9,RUS,-251.63462544863796
2023,9,SAI,-221.7796067223553
2023,9,SAR,-261.5135675616066
2023,9,STR,-302.23009235335485
2023,9,TSU,-442.8554627073154
2023,9,VER,-117.41482431905479
2023,9,ZHO,-322.37659126592007
2023,10,ALB,145.8348100660951
2023,10,ALO,136.8253131194224
2023,10,BOT,128.8832040343368
2023,10,DEV,255.95185552945986
2023,10,GAS,153.5164170862172
2023,10,HAM,136.85415010445377
2023,10,HUL,232.69065776458774
2023,10,LEC,85.69411322356609
2023,10,MAG,-162.9027403436503
2023,10,NOR,-30.297195251117046
2023,10,OCO,-49.91198107408127
2023,10,PER,170.39927742067266
2023,10,PIA,-13.306939680837786
2023,10,RUS,123.03210243685044
2023,10,SAI,-7.136580170063098
2023,10,SAR,166.55952230781986
2023,10,STR,153.30643258814598
2023,10,TSU,280.9169153663315
2023,10,VER,136.77216893045807
2023,10,ZHO,218.04504438564254
2023,11,ALB,183.15399153190174
2023,11,ALO,86.45871445064222
2023,11,BOT,147.51430687248376
2023,11,GAS,-321.34787399124343
2023,11,HAM,86.17957944945374
2023,11,HUL,128.1602355194209
2023,11,LEC,102.69433822171413
2023,11,MAG,125.49426977921576
2023,11,NOR,86.88118797686184
2023,11,OCO,-89.19311222968918
2023,11,PER,103.30968807719
2023,11,PIA,89.99106462141572
2023,11,RIC,106.76940991523406
2023,11,RUS,90.01589518521996
2023,11,SAI,55.81614166536201
2023,11,SAR,159.34768643631287
2023,11,STR,144.50586332046078
2023,11,TSU,91.97240586530279
2023,11,VER,49.754402620910696
2023,11,ZHO,151.50415707195407
2023,12,ALB,433.88334028250574
2023,12,ALO,381.77156770847614
2023,12,BOT,328.2358163527424
2023,12,GAS,316.1873971762525
2023,12,HAM,418.30358334408356
2023,12,HUL,383.4513789351413
2023,12,LEC,412.07234831223195
2023,12,MAG,330.7560045163864
2023,12,NOR,162.43819431764496
2023,12,OCO,399.1832514412672
2023,12,PER,411.03692831862463
2023,12,PIA,46.627901451453454
2023,12,RIC,310.0733119681099
2023,12,RUS,311.577421585358
2023,12,SAI,279.08237164239654
2023,12,SAR,432.3994145886445
2023,12,STR,315.7485829964289
2023,12,TSU,373.79978634529107
2023,12,VER,407.5714186257319
2023,12,ZHO,402.4437141734652
2023,13,ALB,-292.28246118723837
2023,13,ALO,-158.53295957663795
2023,13,BOT,-80.53675390844
2023,13,GAS,-101.96638643019378
2023,13,HAM,-154.53654559040206
2023,13,HUL,-83.78086116595841
2023,13,LAW,-211.1525409049773
2023,13,LEC,-338.1667955955045
2023,13,MAG,-3.899305119962264
2023,13,NOR,-97.42472814508437
2023,13,OCO,-92.38632141929702
2023,13,PER,-76.40305518007153
2023,13,PIA,-106.4562592704533
2023,13,RUS,13.001083004610337
2023,13,SAI,-74.41563908709486
2023,13,SAR,-515.5326507759164
2023,13,STR,-253.6998962477228
2023,13,TSU,-338.2308563252318
2023,13,VER,-158.41584780423545
2023,13,ZHO,-34.546596748803495
2023,14,ALB,33.53259191565758
2023,14,ALO,-1.7394752727450395
2023,14,BOT,-13.054272103752737
2023,14,GAS,48.80947858130821
2023,14,HAM,-6.051236495539342
2023,14,HUL,37.732950877501025
2023,14,LAW,45.11150535568777
2023,14,LEC,4.353075602266472
2023,14,MAG,26.60691043648876
2023,14,NOR,-6.9834162176393875
2023,14,OCO,-17.62740568148911
2023,14,PER,-1.855452625779435
2023,14,PIA,-7.860068045613843
2023,14,RUS,9.842805125628729
2023,14,SAI,9.874805859933986
2023,14,SAR,38.17752162429315
2023,14,STR,4.275810546288085
2023,14,VER,4.301654104374393
2023,14,ZHO,51.18518552239584
2023,15,ALB,61.727147396193686
2023,15,ALO,76.80227530242155
2023,15,BOT,-111.47471133440831
2023,15,GAS,9.073014178175072
2023,15,HAM,52.33484675118598
2023,15,HUL,9.29386261712716
2023,15,LAW,9.260465605388163
2023,15,LEC,95.54166854928826
2023,15,MAG,86.82155303981563
2023,15,NOR,9.129431978512002
2023,15,OCO,9.332374960145899
2023,15,PER,-102.13595870931749
2023,15,PIA,9.352516962586378
2023,15,RUS,52.524833550167386
2023,15,SAI,9.348542263177478
2023,15,SAR,68.3924689384703
2023,15,TSU,-251.33845315298277
2023,15,VER,-111.57969638391842
2023,15,ZHO,125.02686976115547
2023,16,ALB,-168.6554457977909
2023,16,ALO,70.91534296909595
2023,16,BOT,101.50847721118316
2023,16,GAS,30.01188291906692
2023,16,HAM,47.0845625153579
2023,16,HUL,-109.05752580392618
2023,16,LAW,50.52754389669644
2023,16,LEC,-1.8263688929546333
2023,16,MAG,78.40182696835473
2023,16,NOR,29.631678092610855
2023,16,OCO,81.17264200726368
2023,16,PER,-548.3619692360335
2023,16,PIA,62.84983797039422
2023,16,RUS,-66.80696932761202
2023,16,SAI,-39.90617437394121
2023,16,SAR,-178.30500190518978
2023,16,STR,-118.95912285626582
2023,16,TSU,26.25146973779283
2023,16,VER,-22.204883653961588
2023,16,ZHO,-200.5037899637682
2023,17,ALB,81.65930100974856
2023,17,ALO,119.05783433177476
2023,17,BOT,113.92603199980931
2023,17,GAS,118.93175504377086
2023,17,HAM,-242.54967224841494
2023,17,HUL,96.66562832028467
2023,17,LAW,94.30919178928616
2023,17,LEC,110.11560567744255
2023,17,MAG,113.95351069827848
2023,17,NOR,131.6713089441473
2023,17,OCO,115.62819034185486
2023,17,PER,73.92576761068085
2023,17,PIA,129.43944268720043
2023,17,RUS,68.49732096848038
2023,17,SAR,188.51505468074174
2023,17,STR,83.20655016584897
2023,17,TSU,108.37775850461003
2023,17,VER,120.22852433376647
2023,17,ZHO,120.57116694620163
2023,18,ALB,56.149680054356395
2023,18,ALO,-28.644357485159162
2023,18,BOT,104.84668767496532
2023,18,GAS,8.299055495194807
2023,18,HAM,2.0385358547782744
2023,18,HUL,-29.805587679948076
2023,18,LEC,-22.061878337754024
2023,18,MAG,56.23858360169925
2023,18,NOR,64.78316816333881
2023,18,OCO,-282.36835310409424
2023,18,PER,13.453015343368861
2023,18,PIA,-282.26326667413923
2023,18,RIC,-65.2390258560963
2023,18,RUS,-7.665535284891121
2023,18,SAI,27.464023722802267
2023,18,SAR,63.32760605693966
2023,18,STR,-57.82949525382264
2023,18,TSU,32.36301440164152
2023,18,VER,32.44286652419578
2023,18,ZHO,106.39242214793285
2023,19,ALB,195.3529224267577
2023,19,ALO,146.66070709554788
2023,19,BOT,144.3652971944639
2023,19,GAS,148.36294397306756
2023,19,HAM,45.78898895914881
2023,19,HUL,52.40129619007985
2023,19,LEC,144.4542536800791
2023,19,MAG,208.9248078799219
2023,19,NOR,-194.9464198974665
2023,19,OCO,184.14769788720423
2023,19,PER,-65.63108421979996
2023,19,PIA,41.00848163611863
2023,19,RIC,150.4259603142409
2023,19,RUS,36.63370364888851
2023,19,SAI,145.3032719002631
2023,19,SAR,58.66060902692152
2023,19,STR,145.3252446543038
2023,19,TSU,278.10465887743976
2023,19,VER,-122.61035612709202
2023,19,ZHO,181.92297835980662
2023,20,ALB,-450.3799813271926
2023,20,ALO,-664.3291335311606
2023,20,BOT,-624.063942114768
2023,20,GAS,-663.1385562758951
2023,20,HAM,-707.5694256911502
2023,20,HUL,-696.2806865639504
2023,20,MAG,-450.3326915324924
2023,20,NOR,-615.9911297878953
2023,20,OCO,-720.1566421944226
2023,20,PER,-694.6375136624956
2023,20,PIA,-504.0232622004096
2023,20,RIC,-633.9330744002
2023,20,RUS,-702.8059587998905
2023,20,SAI,-646.1782570960067
2023,20,SAR,-741.8559409973604
2023,20,STR,-662.5439553260439
2023,20,TSU,-633.6447542935657
2023,20,VER,-625.4405111000342
2023,20,ZHO,-644.2738752134464
2023,21,ALB,12.52897042289078
2023,21,ALO,97.2970823757787
2023,21,BOT,-7.335925303788827
2023,21,GAS,9.765320004398745
2023,21,HAM,101.26714186884601
2023,21,HUL,86.32835846274247
2023,21,LEC,-3.0934957445952023
2023,21,MAG,76.99949029224717
2023,21,NOR,-324.58296679419163
2023,21,OCO,1.6538653678298942
2023,21,PER,97.32299463852542
2023,21,PIA,67.05461789438414
2023,21,RIC,9.822583243250847
2023,21,RUS,71.44385853223321
2023,21,SAI,101.62315093233883
2023,21,SAR,15.38419166946187
2023,21,STR,96.86784315002842
2023,21,TSU,7.248738665780365
2023,21,VER,66.14681920150906
2023,21,ZHO,1.350874567478968
2023,22,ALB,-17.36620588814094
2023,22,ALO,-3.889185026108862
2023,22,BOT,26.272051955461393
2023,22,GAS,-1.6469558666731245
2023,22,HAM,-0.7437729895527809
2023,22,HUL,4.026149329182772
2023,22,LEC,-4.639548763158928
2023,22,MAG,0.5455981654185962
2023,22,NOR,3.187602399354546
2023,22,OCO,69.34179977471103
2023,22,PER,-17.150435955946705
2023,22,PIA,-4.158680544550407
2023,22,RIC,0.516177549373424
2023,22,RUS,2.486905124727855
2023,22,SAI,7.261906495651601
2023,22,SAR,-11.052010322753631
2023,22,STR,-17.658187526393704
2023,22,TSU,24.478303129047163
2023,22,VER,-17.634179202422274
2023,22,ZHO,32.04858515494652
2024,1,ALB,53.157832183136634
2024,1,ALO,24.90623614213473
2024,1,BOT,97.98646053156244
2024,1,GAS,-31.557588600298914
2024,1,HAM,99.97214932097631
2024,1,HUL,12.945587605306173
2024,1,LEC,107.87667813672397
2024,1,MAG,110.70095790686446
2024,1,NOR,89.00613298863209
2024,1,OCO,119.35326282087408
2024,1,PER,-13.011192031201972
2024,1,PIA,97.43357286139872
2024,1,RIC,-22.667119458136767
2024,1,RUS,110.27237907972903
2024,1,SAI,70.70051042912928
2024,1,SAR,-30.29417151747475
2024,1,STR,123.69972728829362
2024,1,TSU,75.18693725575213
2024,1,VER,-66.6385334497918
2024,1,ZHO,126.56986336940281
2024,2,ALB,33.78321438465173
2024,2,ALO,33.87508061927656
2024,2,BEA,98.8046416020643
2024,2,BOT,243.00786166526996
2024,2,GAS,-122.22841655350567
2024,2,HAM,75.53960048126191
2024,2,HUL,-66.5391392325555
2024,2,LEC,33.73646831209135
2024,2,MAG,33.85534848441148
2024,2,NOR,59.64193904613967
2024,2,OCO,33.597428677274365
2024,2,PER,33.91469240615879
2024,2,PIA,33.898225088748404
2024,2,RIC,33.927957249781684
2024,2,RUS,33.96951640630232
2024,2,SAR,33.94565736152799
2024,2,STR,-122.2675502793445
2024,2,TSU,33.969990458119355
2024,2,VER,33.876349994622615
2024,2,ZHO,-1.6924949260665016
2024,3,ALB,136.27069956200648
2024,3,ALO,-55.33548794404487
2024,3,BOT,102.12279378772746
2024,3,GAS,32.99031391592325
2024,3,HAM,82.20611871721758
2024,3,HUL,0.06971442800113437
2024,3,LEC,111.4087289013869
2024,3,MAG,116.6000538381777
2024,3,NOR,61.21254484867859
2024,3,OCO,48.26298975244936
2024,3,PER,85.88651181374462
2024,3,PIA,90.43955179674413
2024,3,RIC,117.75139761676655
2024,3,RUS,77.13715918391881
2024,3,SAI,41.792569661179186
2024,3,STR,98.12784676117917
2024,3,TSU,99.81818645638668
2024,3,VER,-317.98456882377013
2024,3,ZHO,97.96459196209253
2024,4,ALB,-135.0796724636457
2024,4,ALO,162.6471466863868
2024,4,BOT,37.98246633738381
2024,4,GAS,63.97248924458472
2024,4,HAM,76.15133109343515
2024,4,HUL,82.80783635672833
2024,4,LEC,170.29233040616964
2024,4,MAG,179.62390872930337
2024,4,NOR,42.8805467005559
2024,4,OCO,55.5027207510484
2024,4,PER,97.0682008953354
2024,4,PIA,78.61901907820175
2024,4,RIC,-259.21631757160685
2024,4,RUS,65.79242960315332
2024,4,SAI,101.3578060562686
2024,4,SAR,38.339673722086445
2024,4,STR,95.96424040922284
2024,4,TSU,40.500941390317166
2024,4,VER,103.5834016329045
2024,4,ZHO,-19.436377296896353
2024,5,ALB,240.0325134090299
2024,5,ALO,295.89229215459727
2024,5,BOT,-94.02082050941681
2024,5,GAS,104.65235507574016
2024,5,HAM,269.26198262948765
2024,5,HUL,92.8319643974055
2024,5,LEC,14.511827375842586
2024,5,MAG,80.60145611012285
2024,5,NOR,21.900302099775217
2024,5,OCO,99.23984782117714
2024,5,PER,118.19086842152774
2024,5,PIA,219.46128960904844
2024,5,RIC,298.75134285595686
2024,5,RUS,231.81378436036994
2024,5,SAI,-15.356752183149183
2024,5,SAR,316.74597288181576
2024,5,STR,242.58446893516157
2024,5,TSU,294.77397612387904
2024,5,VER,118.37594737269046
2024,5,ZHO,298.7094474525393
2024,6,ALB,97.19722133863252
2024,6,ALO,11.801533027040932
2024,6,BOT,16.64781475365635
2024,6,GAS,104.9997295130579
2024,6,HAM,17.71708100633623
2024,6,HUL,42.446570626444554
2024,6,LEC,62.43452839765905
2024,6,MAG,-136.8688103263985
2024,6,NOR,-0.0900775608533877
2024,6,OCO,40.58013669714455
2024,6,PER,23.48246454164837
2024,6,PIA,-13.170499787533117
2024,6,RIC,24.520171975074845
2024,6,RUS,25.933157426287835
2024,6,SAI,7.750158618257046
2024,6,SAR,110.00652014418301
2024,6,STR,46.22601498133645
2024,6,TSU,3.5016765360305726
2024,6,VER,33.304006915552236
2024,6,ZHO,-106.26566089128755
2024,7,ALB,-324.12452928781204
2024,7,ALO,45.43133425657834
2024,7,BOT,84.44820547007566
2024,7,GAS,58.839045650543085
2024,7,HAM,-21.911036858586158
2024,7,HUL,81.89108706759089
2024,7,LEC,-4.889248436004891
2024,7,MAG,-109.91461222578982
2024,7,NOR,22.94530161244529
2024,7,OCO,-4.629042969951115
2024,7,PER,-108.72688260680752
2024,7,PIA,13.564517800546128
2024,7,RIC,83.97152128643211
2024,7,RUS,0.47906927028725477
2024,7,SAI,-21.86370311655537
2024,7,SAR,-82.8248159097684
2024,7,STR,-109.97681476105845
2024,7,TSU,83.13722999142465
2024,7,VER,4.5860570970280605
2024,7,ZHO,-84.32130221034913
2024,8,ALB,378.47011884934
2024,8,ALO,146.8792217539485
2024,8,BOT,310.13631699907273
2024,8,GAS,147.01896093243704
2024,8,HAM,95.08696902543306
2024,8,HUL,17.659744344514365
2024,8,LEC,378.97893851546814
2024,8,MAG,298.06447266920077
2024,8,NOR,378.62620662717654
2024,8,OCO,298.07643223043124
2024,8,PER,298.0185603263535
2024,8,PIA,378.8167407186811
2024,8,RIC,378.61059223655775
2024,8,RUS,147.10672333569892
2024,8,SAI,378.80541875341623
2024,8,SAR,257.5897908370098
2024,8,STR,-62.15896731570683
2024,8,TSU,378.70219113237727
2024,8,VER,94.16910537942567
2024,8,ZHO,319.21416472702003
2024,9,ALB,-248.37996302202555
2024,9,ALO,180.5129852258451
2024,9,BOT,-248.65693845799433
2024,9,GAS,180.32808888736508
2024,9,HAM,186.24990336554765
2024,9,HUL,-248.4913614458619
2024,9,LEC,180.7044851273131
2024,9,MAG,-96.96118010678765
2024,9,NOR,-248.41269304397065
2024,9,OCO,-248.4145882089906
2024,9,PER,-248.46547640363133
2024,9,PIA,-248.44342987872642
2024,9,RIC,-248.239750813279
2024,9,RUS,-87.87198481671203
2024,9,SAI,-248.35978978418007
2024,9,STR,180.6041085687457
2024,9,TSU,-248.68215173070075
2024,9,VER,-248.38554207444759
2024,9,ZHO,-129.43988265818462
2024,10,ALB,-185.23573367975587
2024,10,ALO,-66.40004545982083
2024,10,BOT,39.122667103805725
2024,10,GAS,28.071534878915372
2024,10,HAM,-132.63598046196057
2024,10,HUL,41.06985834517309
2024,10,LEC,-204.8018019549254
2024,10,MAG,111.89967314289697
2024,10,NOR,-196.60536007150404
2024,10,OCO,42.670471046954844
2024,10,PER,-181.73100331245223
2024,10,PIA,-180.91778683695247
2024,10,RIC,-16.84898586239342
2024,10,RUS,37.258724215920665
2024,10,SAI,37.356404590083
2024,10,SAR,62.786428479583265
2024,10,STR,9.93252721758654
2024,10,TSU,-106.79452033042253
2024,10,VER,-144.5869865223267
2024,10,ZHO,34.27056152309615
2024,11,ALB,362.98643219018777
2024,11,ALO,173.00412790342125
2024,11,BOT,258.8565220104465
2024,11,GAS,166.07529862793308
2024,11,HAM,189.95244319041376
2024,11,HUL,375.0426674082073
2024,11,LEC,-112.30731918547826
2024,11,MAG,389.6635713675423
2024,11,NOR,148.77857101089285
2024,11,OCO,179.9843254308671
2024,11,PER,177.27523695035234
2024,11,PIA,123.38115103201926
2024,11,RIC,394.34267959999306
2024,11,RUS,31.274196453126933
2024,11,SAI,144.28027083822053
2024,11,SAR,116.77837483790881
2024,11,STR,68.55416603939284
2024,11,TSU,219.2483042360236
2024,11,VER,124.00486768651263
2024,11,ZHO,274.9474941363569
2024,12,ALB,-104.9207490973995
2024,12,ALO,-104.8730795564179
2024,12,BOT,-157.00124190176302
2024,12,HAM,-151.4567976374592
2024,12,HUL,-156.80238612400262
2024,12,LEC,-221.18531415601228
2024,12,MAG,-151.37781974544305
2024,12,NOR,-151.284362749534
2024,12,OCO,-161.46294056432725
2024,12,PER,12.846087363864171
2024,12,PIA,-105.12602994153985
2024,12,RIC,-156.84288476963775
2024,12,RUS,-297.6524053902385
2024,12,SAI,-66.35147031062024
2024,12,SAR,-151.46619517541785
2024,12,STR,-105.1553370681786
2024,12,TSU,-151.4053327234078
2024,12,VER,-10.007729067025139
2024,12,ZHO,-259.8381933037135
2024,13,ALB,284.4340184153116
2024,13,ALO,108.76926122035366
2024,13,BOT,176.7804515055559
2024,13,GAS,147.24930862718975
2024,13,HAM,196.375162135766
2024,13,HUL,320.8192790705725
2024,13,LEC,50.72600264889206
2024,13,MAG,279.73769778588576
2024,13,NOR,108.53435300021192
2024,13,OCO,239.54142124329064
2024,13,PER,91.57232015043701
2024,13,PIA,104.33800681686625
2024,13,RIC,298.14309572287675
2024,13,RUS,156.31628945256762
2024,13,SAI,73.71491288581637
2024,13,SAR,213.44364701273844
2024,13,STR,-6.882923258204755
2024,13,TSU,144.34693145511665
2024,13,VER,83.3724071012075
2024,13,ZHO,283.17441195693664
2024,14,ALB,31.211093680125487
2024,14,ALO,-60.235454481399756
2024,14,BOT,37.76705984710816
2024,14,GAS,56.3148664285186
2024,14,HAM,51.88422288359652
2024,14,HUL,1.1540909102400292
2024,14,LEC,47.72645371535555
2024,14,MAG,-7.476239230789361
2024,14,NOR,39.40689071327233
2024,14,OCO,49.64409464171422
2024,14,PER,35.86374942194925
2024,14,PIA,52.47011497871517
2024,14,RIC,-82.95376252491678
2024,14,RUS,19.406160588718194
2024,14,SAI,37.764542019343935
2024,14,SAR,31.308944998120296
2024,14,STR,-59.80334076676445
2024,14,TSU,-147.47012680914213
2024,14,VER,36.68481957744416
2024,14,ZHO,-19.92042647706694
2024,15,ALB,14.43919750443456
2024,15,ALO,50.690226889510086
2024,15,BOT,27.176971453405713
2024,15,GAS,45.86271503835542
2024,15,HAM,102.66172948619351
2024,15,HUL,137.98087205082084
2024,15,LEC,91.7379281774347
2024,15,MAG,63.576395997160944
2024,15,NOR,64.90883549057617
2024,15,OCO,55.14580655297959
2024,15,PER,59.59306602559627
2024,15,PIA,41.95123917893579
2024,15,RIC,59.684737917400525
2024,15,RUS,33.107712687004096
2024,15,SAI,55.29615751518031
2024,15,SAR,105.06949071273357
2024,15,STR,54.98712372149839
2024,15,TSU,63.136042144718886
2024,15,VER,70.69637204232095
2024,15,ZHO,63.71758229509851
2024,16,ALB,147.1481547765943
2024,16,ALO,228.9434194853211
2024,16,BOT,186.50840919551047
2024,16,COL,161.8761441361894
2024,16,GAS,258.7116224208494
2024,16,HAM,185.51036844560622
2024,16,HUL,302.65536735426485
2024,16,LEC,176.1347837655594
2024,16,MAG,189.69321852862322
2024,16,NOR,211.15767506543307
2024,16,OCO,170.3806056016856
2024,16,PER,228.0276783227273
2024,16,PIA,169.5381951026411
2024,16,RIC,228.3492533168992
2024,16,RUS,245.49080029567267
2024,16,SAI,116.70086855844329
2024,16,STR,230.2715037057642
2024,16,TSU,244.73350186805328
2024,16,VER,248.2335093640977
2024,16,ZHO,176.1395956907836
2024,17,ALB,17.44889938457709
2024,17,ALO,58.03046648436157
2024,17,BEA,45.53668924048543
2024,17,BOT,58.008649451164274
2024,17,COL,61.84372706369504
2024,17,GAS,21.621417783501784
2024,17,HAM,53.972816231909746
2024,17,HUL,40.71686566554945
2024,17,LEC,35.37064138370988
2024,17,NOR,25.903608969121706
2024,17,OCO,15.172344292192065
2024,17,PER,49.63083375951646
2024,17,PIA,40.920093983886545
2024,17,RIC,15.19265632378665
2024,17,RUS,53.962752557809836
2024,17,SAI,29.86949569949502
2024,17,STR,64.97803675278556
2024,17,TSU,53.91165797311987
2024,17,VER,57.014745746586414
2024,17,ZHO,27.440523032721103
2024,18,ALB,17.86073710599976
2024,18,ALO,-39.14387714961322
2024,18,BOT,-55.56058908475188
2024,18,COL,-72.69671082204786
2024,18,GAS,-54.93485545695512
2024,18,HAM,103.94604655370495
2024,18,HUL,-72.7388814920132
2024,18,LEC,-127.21604436583584
2024,18,MAG,4.260672656112547
2024,18,NOR,-79.88703997068751
2024,18,OCO,-72.57793436688553
2024,18,PER,-65.25220049477048
2024,18,PIA,-150.53845358364106
2024,18,RIC,132.47953427191987
2024,18,RUS,-57.40131282803486
2024,18,SAI,23.552137938407213
2024,18,STR,-37.598933383130316
2024,18,TSU,-3.4160114826818244
2024,18,VER,-72.58635880424117
2024,18,ZHO,-59.23125205089218
2024,19,ALB,52.2656139820665
2024,19,ALO,3.8234263104623096
2024,19,BOT,77.98169535653142
2024,19,COL,65.7086818458829
2024,19,GAS,57.867251959272835
2024,19,HAM,59.55219481358927
2024,19,HUL,-1.4845597372886914
2024,19,LAW,68.36401420668062
2024,19,LEC,3.704526552608513
2024,19,MAG,42.636638067231615
2024,19,NOR,-19.216133814832574
2024,19,OCO,-47.043609254692456
2024,19,PER,3.826276290550595
2024,19,PIA,-24.094658816782612
2024,19,RUS,64.18164220145627
2024,19,SAI,36.5315713972841
2024,19,STR,38.62112908617473
2024,19,TSU,57.99590372602324
2024,19,VER,9.563466540783338
2024,19,ZHO,47.142485107891844
2024,20,ALB,-304.8613640149106
2024,20,ALO,-304.8829664592613
2024,20,BOT,-190.1790531122315
2024,20,COL,-174.1642030130406
2024,20,GAS,-36.32242935366503
2024,20,HAM,-36.36219330519452
2024,20,HUL,-45.904730336036664
2024,20,LAW,-68.27596029355482
2024,20,LEC,-50.239306918734655
2024,20,MAG,-55.74994621144924
2024,20,NOR,-55.70513299475715
2024,20,OCO,-182.4593670193599
2024,20,PER,60.583175035082604
2024,20,PIA,-157.60636363390404
2024,20,RUS,-66.67315615293955
2024,20,SAI,-77.64831857937315
2024,20,STR,-18.644403475819672
2024,20,TSU,-304.9233681981477
2024,20,VER,-18.512144551614256
2024,20,ZHO,-132.5717374906808
2024,22,ALB,42.913248079528785
2024,22,ALO,99.80612533630301
2024,22,BOT,62.008780121349446
2024,22,COL,102.30720717152508
2024,22,GAS,40.992046009800106
2024,22,HAM,84.67342572614325
2024,22,HUL,75.22576693026531
2024,22,LAW,68.89354936720429
2024,22,LEC,100.81793031640154
2024,22,MAG,19.82137375439561
2024,22,NOR,89.72937200291744
2024,22,OCO,-49.11306364763732
2024,22,PER,83.9304541533802
2024,22,PIA,93.41260299111946
2024,22,RUS,87.70978803175603
2024,22,SAI,98.5839153845236
2024,22,STR,102.98970575198564
2024,22,TSU,99.08843330675882
2024,22,VER,93.64797069781162
2024,22,ZHO,86.30874067596778
2024,23,ALB,-201.09552764771252
2024,23,ALO,-223.12293028990644
2024,23,BOT,-136.17377450754702
2024,23,COL,-301.38121253931604
2024,23,GAS,-183.264454289917
2024,23,HAM,-158.7683095267239
2024,23,HUL,-17.858554340293267
2024,23,LAW,-229.7838822290687
2024,23,LEC,-183.53034502483388
2024,23,MAG,-116.32038194909546
2024,23,NOR,-162.47281075561204
2024,23,OCO,-301.36905561531785
2024,23,PER,-183.411445630848
2024,23,PIA,-174.9064845456378
2024,23,RUS,-49.64559051725246
2024,23,SAI,-175.26016530899687
2024,23,STR,12.087708231611032
2024,23,TSU,-229.8507501767308
2024,23,VER,-183.39156365816234
2024,23,ZHO,-183.53714598161878
2024,24,ALB,39.502282598798956
2024,24,ALO,-6.101949250964026
2024,24,BOT,45.14994732786272
2024,24,COL,39.54067319842943
2024,24,DOO,-12.902610351691692
2024,24,GAS,33.29752447096689
2024,24,HAM,-26.353363899679607
2024,24,HUL,36.47549273448931
2024,24,LAW,-290.3628547387352
2024,24,LEC,-0.046905493573831336
2024,24,MAG,155.85367081142158
2024,24,NOR,-43.264598903601836
2024,24,PER,-125.90109270358153
2024,24,PIA,0.24603374352591345
2024,24,RUS,-43.22332682679735
2024,24,SAI,-35.85616026246953
2024,24,STR,16.18889428596958
2024,24,TSU,-13.118422564088178
2024,24,VER,-61.48268601625023
2024,24,ZHO,-13.664751727983457
